id,prefix,family,gold_answer_type,gold_subshape,gold_answer,gold_unit,n_observations,n_relations,needs_unit_conversion,needs_geometry_relation,needs_vector_composition,needs_circuit_relation,needs_measurement_error,needs_qualitative_text
TD401,TD,capacitor,numeric,scalar,0.045,J,2,0,1,0,0,1,0,1
TD402,TD,capacitor,numeric,scalar,100,μF,2,0,1,0,0,1,0,1
TD402,TD,capacitor,numeric,scalar,100,μF,2,0,1,0,0,1,0,0
LD001,LD,electrostatics_force,numeric,scalar,0.05,N,6,2,1,1,1,1,0,1
LD002,LD,electrostatics_force,numeric,scalar,24.45 × 10^-3,N,5,8,1,1,1,1,0,0
LD003,LD,electrostatics_force,numeric,scalar,6.76,N,6,6,1,1,1,1,0,0
LD004,LD,electrostatics_force,numeric,scalar,5.234 × 10^-3,N,6,6,1,1,1,1,0,0
LD005,LD,electrostatics_force,math_expression,symbolic_numeric,9√3 × 10^-27,N,4,1,1,1,1,1,0,1
LD006,LD,electrostatics_force,numeric,scalar,1.23 × 10^-3,N,7,0,1,1,1,1,0,1
LD007,LD,electrostatics_force,numeric,scalar,17.28,N,6,0,1,1,1,1,0,1
LD008,LD,electrostatics_force,numeric,scalar,7,N,2,0,0,0,1,1,0,1
LD009,LD,electrostatics_force,numeric,scalar,8.66,N,1,0,0,1,1,1,0,0
LD010,LD,electrostatics_force,numeric,scalar, 6.24,N,4,1,1,1,1,1,0,0
LD011,LD,electrostatics_force,numeric,scalar,5,N,2,0,0,1,1,1,0,0
LD012,LD,electrostatics_force,numeric,scalar,0.39,N,4,1,1,1,1,1,0,0
LD013,LD,electrostatics_force,numeric,scalar,10,N,2,0,0,1,1,1,0,0
LD014,LD,electrostatics_force,numeric,scalar,3.46,μC,2,0,1,0,0,0,0,0
LD015,LD,electrostatics_force,numeric,scalar,15.13,N,2,0,0,1,1,1,0,0
LD016,LD,electrostatics_force,numeric,scalar,1.27,N,2,0,1,1,1,1,0,0
LD017,LD,electrostatics_force,numeric,scalar,3.6,N,4,0,1,0,1,1,0,1
LD018,LD,electrostatics_force,numeric,scalar,3.12,N,3,1,1,1,1,1,0,0
LD019,LD,electrostatics_force,numeric,scalar,7.21,N,2,0,0,1,1,1,0,0
LD020,LD,electrostatics_force,numeric,scalar,120,degree,1,0,0,1,1,1,0,0
LD021,LD,electrostatics_force,numeric,scalar,2.98,N,4,0,1,0,1,1,0,1
LD022,LD,electrostatics_force,numeric,scalar,14.4,N,5,1,1,1,1,1,0,1
LD023,LD,electrostatics_force,numeric,scalar,6,N,2,0,0,0,1,1,0,1
LD024,LD,electrostatics_force,numeric,scalar,6.04,N,6,1,1,1,1,1,0,1
LD025,LD,electrostatics_force,numeric,scalar,6.25,N,7,0,1,1,1,1,0,1
LD026,LD,electrostatics_force,numeric,scalar,0.18,N,6,7,1,1,1,1,0,1
LD027,LD,electrostatics_force,numeric,scalar,30.24 × 10^-3,N,6,7,1,1,1,1,0,1
LD028,LD,electrostatics_force,numeric,scalar,27.65 × 10^-3,N,5,2,1,1,1,1,0,0
LD029,LD,electrostatics_force,numeric,scalar,45 × 10^-3,N,4,1,1,1,1,1,0,0
LD030,LD,electrostatics_force,numeric,scalar,7.2 × 10^-4,N,5,1,1,1,1,1,0,1
LD031,LD,electrostatics_force,numeric,scalar,1.125 × 10^-1,N,3,2,1,1,1,1,0,1
LD032,LD,electrostatics_force,numeric,scalar,0.05,N,6,1,1,1,1,1,0,1
LD033,LD,electrostatics_force,numeric,scalar,8.4 × 10^-4,N,5,1,1,1,1,1,0,1
LD034,LD,electrostatics_force,numeric,scalar,4 × 10^-7,N,4,0,1,1,1,1,0,1
LD035,LD,electrostatics_force,numeric,scalar,0.36,N,4,0,1,1,1,1,0,1
LD036,LD,electrostatics_force,numeric,scalar,0,N,1,1,0,1,1,1,0,1
LD037,LD,electrostatics_force,numeric,scalar,34.56,N,6,0,1,1,1,1,0,1
LD038,LD,electrostatics_force,numeric,scalar,2.45 × 10^-7,N,7,8,1,1,1,1,0,1
LD039,LD,electrostatics_force,numeric,scalar,0,N,3,0,1,1,1,1,0,1
LD040,LD,electrostatics_force,numeric,scalar,15,N,4,1,1,1,1,1,0,0
LD041,LD,electrostatics_force,math_expression,symbolic_numeric,√2 × F0,N,1,1,1,1,1,1,0,1
LD042,LD,electrostatics_force,numeric,scalar,0,N,4,1,1,1,1,1,0,1
LD043,LD,electrostatics_force,numeric,scalar,0,N,0,1,0,1,1,1,0,1
LD044,LD,electrostatics_force,numeric,scalar,9.45,N,6,1,1,1,1,1,0,1
LD045,LD,electrostatics_force,numeric,scalar,45,N,5,0,1,1,1,1,0,1
LD046,LD,electrostatics_force,numeric,scalar,26.2,N,7,0,1,1,1,1,0,0
LD047,LD,electrostatics_force,text,text,Towards q₂,-,5,0,1,1,1,1,1,1
LD048,LD,electrostatics_force,numeric,scalar,14.4,N,4,1,1,1,1,1,0,1
LD049,LD,electrostatics_force,numeric,scalar,14.34,N,6,0,1,1,1,1,0,1
LD050,LD,electrostatics_force,numeric,scalar,14.4,N,5,0,1,1,1,1,0,1
LD051,LD,electrostatics_field,numeric,scalar,6.4 × 10^5,V/m,5,2,1,1,1,1,0,1
LD052,LD,electrostatics_field,numeric,scalar,3.51 × 10^5,V/m,4,1,1,1,1,1,0,1
LD053,LD,electrostatics_field,numeric,scalar,3.125 × 10^6,V/m,3,2,1,1,1,1,0,1
LD055,LD,electrostatics_force,numeric,scalar,0.7,N,5,2,1,1,1,1,0,1
LD056,LD,electrostatics_field,numeric,scalar,33.6 × 10^5,V/m,6,6,1,1,1,1,0,1
LD057,LD,electrostatics_force,numeric,scalar,0.17,N,6,2,1,1,1,1,0,1
LD058,LD,electrostatics_field,numeric,scalar,64 × 10^5,V/m,5,2,1,1,1,1,0,1
LD059,LD,electrostatics_field,numeric,scalar,0,V/m,0,0,0,1,1,1,0,1
LD060,LD,electrostatics_field,numeric,scalar,36000,V/m,3,1,1,1,1,1,0,1
LD061,LD,electrostatics_field,numeric,scalar,1.2178 × 10^-3,V/m,3,1,1,1,1,1,0,0
LD062,LD,electrostatics_field,numeric,scalar,16000,V/m,6,0,1,1,1,1,0,1
LD063,LD,electrostatics_field,numeric,scalar,0.7031 × 10^-3,V/m,3,1,1,1,1,1,0,0
LD064,LD,electrostatics_field,numeric,scalar,10000,V/m,3,1,1,1,1,1,0,1
LD065,LD,electrostatics_field,numeric,scalar,2160,V/m,4,2,1,1,1,1,0,1
LD066,LD,electrostatics_field,numeric,scalar,2000,V/m,3,0,1,1,1,1,0,1
LD067,LD,electrostatics_field,numeric,scalar,9.8 × 10^5,N/C,3,1,1,1,1,1,0,1
LD068,LD,electrostatics_field,numeric,scalar,538,N/C,2,0,1,1,1,1,0,1
LD069,LD,electrostatics_field,numeric,scalar,9000,N/C,3,0,1,1,1,1,0,1
LD070,LD,electrostatics_field,numeric,scalar,4.5 × 10^5,V/m,3,1,1,1,1,1,0,1
LD071,LD,electrostatics_field,numeric,scalar,2 × 10^5,V/m,6,0,1,1,1,1,0,1
LD072,LD,electrostatics_field,numeric,scalar,10000,V/m,3,1,1,1,1,1,0,1
LD073,LD,electrostatics_field,numeric,scalar,937.5,V/m,4,0,1,1,1,1,0,1
LD074,LD,electrostatics_field,numeric,scalar,2160,V/m,4,0,1,1,1,1,0,1
LD075,LD,electrostatics_field,numeric,scalar,18,cm,3,1,1,1,1,1,0,1
LD076,LD,electrostatics_field,numeric,scalar,-4 × 10^-7,C,4,0,1,1,1,1,0,1
LD077,LD,electrostatics_field,math_expression,math_expression,E1 = (3/4)E2,-,2,0,0,1,1,1,0,0
LD078,LD,electrostatics_field,numeric,scalar,16,V/m,2,1,0,1,1,0,0,0
LD079,LD,electrostatics_field,numeric,scalar,0,V/m,3,1,1,1,1,1,0,1
LD080,LD,electrostatics_field,text,scientific,1.218 x 10^-3,V/m,3,1,1,1,1,1,0,1
LD081,LD,electrostatics_field,numeric,scalar,432000,V/m,3,0,1,1,1,1,0,0
LD082,LD,electrostatics_field,numeric,scalar,389,kV/m,4,2,1,1,1,1,0,0
LD083,LD,electrostatics_field,numeric,scalar,9.6 × 10^2,V/m,2,0,1,1,1,1,0,0
LD084,LD,electrostatics_field,numeric,scalar,0,V/m,0,1,0,1,1,1,0,1
LD085,LD,electrostatics_field,math_expression,math_expression,2 × sqrt(2) × k × q / a^2,-,0,1,0,1,1,1,0,1
LD086,LD,electrostatics_field,numeric,scalar,27,cm,3,1,1,1,1,1,0,1
LD087,LD,electrostatics_field,text,text,-2\sqrt{2} x q,-,0,0,0,1,1,1,0,1
LD088,LD,electrostatics_field,numeric,scalar,73718,V/m,3,2,1,1,1,1,0,1
LD089,LD,electrostatics_field,numeric,scalar,3.28 × 10^4,V/m,5,7,1,1,1,1,0,1
LD090,LD,electrostatics_field,numeric,scalar,9 × 10^3,V/m,3,2,1,1,1,1,0,1
LD091,LD,electrostatics_field,numeric,scalar,4.32 × 10^5,V/m,4,1,1,1,1,1,0,1
LD092,LD,electrostatics_field,numeric,scalar,2459,V/m,4,7,1,1,1,1,0,1
LD094,LD,electrostatics_field,numeric,scalar,5.625 × 10^7,V/m,4,1,1,1,1,1,0,1
LD095,LD,electrostatics_field,numeric,scalar,0,V/m,3,2,1,1,1,1,0,1
LD096,LD,electrostatics_field,numeric,scalar,0,V/m,2,1,1,1,1,1,0,1
LD097,LD,electrostatics_field,numeric,scalar,3.75 × 10^7,V/m,5,0,1,1,1,1,0,1
LD098,LD,electrostatics_field,numeric,scalar,1.152 × 10^7,V/m,4,0,1,1,1,1,0,1
LD099,LD,electrostatics_field,numeric,scalar,2.55 × 10^6,V/m,4,0,1,1,1,1,0,1
LD100,LD,electrostatics_field,numeric,scalar,5.67 × 10^6,V/m,4,1,1,1,1,1,0,1
TD001,TD,capacitor,numeric,scalar,150,V,2,0,1,1,0,1,0,0
TD002,TD,capacitor,numeric,scalar,300,V,2,0,1,1,0,1,0,0
TD003,TD,capacitor,numeric,scalar,11.25,μJ,2,0,1,1,1,1,0,0
TD004,TD,capacitor,numeric,scalar,45,μJ,2,0,1,1,1,1,1,1
TD005,TD,capacitor,numeric,scalar,1.2,nC,2,0,1,0,0,1,0,0
TD006,TD,capacitor,numeric,scalar,1,pF,2,0,1,1,0,1,1,0
TD007,TD,capacitor,numeric,scalar,1200,V,2,0,1,1,0,1,0,0
TD008,TD,capacitor,numeric,scalar,600,V,2,0,1,1,0,1,0,0
TD009,TD,capacitor,numeric,scalar,3,nC,3,0,1,1,0,1,0,1
TD010,TD,capacitor,numeric,scalar,100,V,1,0,0,1,0,1,0,1
TD011,TD,capacitor,numeric,scalar,5,nF,2,0,1,1,0,1,0,0
TD012,TD,capacitor,numeric,scalar,3,μC,3,0,1,1,1,1,0,0
TD013,TD,capacitor,numeric,scalar,5.28,-,4,0,1,1,0,1,0,0
TD014,TD,capacitor,numeric,scalar,320,V,4,0,1,0,0,1,0,0
TD015,TD,capacitor,numeric,scalar,10/3,V,3,0,1,1,0,1,0,1
TD016,TD,capacitor,numeric,scalar,50,V,4,0,1,0,0,1,0,1
TD017,TD,capacitor,numeric,scalar,15.76,pF,3,0,1,1,0,1,0,0
TD018,TD,capacitor,numeric,scalar,1.44,nC,2,0,1,0,0,1,0,1
TD019,TD,capacitor,numeric,scalar,66.16,nJ,2,0,1,0,1,1,0,0
TD020,TD,capacitor,numeric,scalar,42.3,pF,3,0,1,0,0,1,0,1
TD021,TD,capacitor,numeric,scalar,5.23,nC,2,0,1,0,0,1,0,0
TD022,TD,capacitor,numeric,scalar,320.83,nJ,2,0,1,0,1,1,0,0
TD023,TD,capacitor,numeric,scalar,49.4,pF,3,0,1,1,0,1,0,1
TD024,TD,capacitor,numeric,scalar,3.26,nC,2,0,1,0,0,1,0,0
TD025,TD,capacitor,numeric,scalar,107.96,nJ,2,0,1,0,1,1,0,0
TD026,TD,capacitor,numeric,scalar,47.7,pF,3,0,1,1,0,1,0,0
TD027,TD,capacitor,numeric,scalar,3.36,nC,2,0,1,0,0,1,0,0
TD028,TD,capacitor,numeric,scalar,117.6,nJ,2,0,1,0,0,1,0,0
TD029,TD,capacitor,numeric,scalar,21.96,pF,3,0,1,1,0,1,0,0
TD030,TD,capacitor,numeric,scalar,0.63,nC,2,0,1,0,0,1,0,0
TD031,TD,capacitor,numeric,scalar,9.11,nJ,2,0,1,0,1,1,0,0
TD032,TD,capacitor,numeric,scalar,22.42,pF,3,0,1,1,0,1,0,0
TD033,TD,capacitor,numeric,scalar,0.46,nC,2,0,1,0,0,1,0,0
TD034,TD,capacitor,numeric,scalar,4.73,nJ,2,0,1,0,1,1,0,0
TD035,TD,capacitor,numeric,scalar,17.99,pF,3,0,1,0,0,1,0,0
TD036,TD,capacitor,numeric,scalar,2.34,nC,2,0,1,0,0,1,0,0
TD037,TD,capacitor,numeric,scalar,152.34,nJ,2,0,1,0,1,1,0,0
TD038,TD,capacitor,numeric,scalar,11.93,pF,3,0,1,0,0,1,0,0
TD039,TD,capacitor,numeric,scalar,0.6,nC,2,0,1,0,0,1,0,0
TD040,TD,capacitor,numeric,scalar,14.99,nJ,2,0,1,0,1,1,0,0
TD041,TD,capacitor,numeric,scalar,13.10,pF,3,0,1,0,0,1,0,0
TD042,TD,capacitor,numeric,scalar,1.12,nC,2,0,1,0,0,1,0,0
TD043,TD,capacitor,numeric,scalar,48.44,nJ,2,0,1,0,1,1,0,0
TD044,TD,capacitor,numeric,scalar,16.04,pF,3,0,1,0,0,1,0,0
TD045,TD,capacitor,numeric,scalar,2,nC,2,0,1,0,0,1,0,0
TD046,TD,capacitor,numeric,scalar,124.36,nJ,2,0,1,0,1,1,0,0
TD047,TD,capacitor,numeric,scalar,51.63,pF,3,0,1,0,0,1,0,0
TD048,TD,capacitor,numeric,scalar,8.16,nC,2,0,1,0,0,1,0,0
TD049,TD,capacitor,numeric,scalar,645.08,nJ,2,0,1,0,1,1,0,0
TD050,TD,capacitor,numeric,scalar,4.67,pF,3,0,1,1,0,1,0,0
TD051,TD,capacitor,numeric,scalar,0.93,nC,2,0,1,0,0,1,0,0
TD052,TD,capacitor,numeric,scalar,93.23,nJ,2,0,1,0,1,1,0,0
TD053,TD,capacitor,numeric,scalar,60.21,pF,3,0,1,0,0,1,0,0
TD054,TD,capacitor,numeric,scalar,7.84,nC,2,0,1,0,0,1,0,0
TD055,TD,capacitor,numeric,scalar,506.62,nJ,2,0,1,0,1,1,0,0
TD056,TD,capacitor,numeric,scalar,31.75,pF,3,0,1,1,0,1,0,0
TD057,TD,capacitor,numeric,scalar,4.69,nC,2,0,1,0,0,1,0,0
TD058,TD,capacitor,numeric,scalar,344.56,nJ,2,0,1,0,1,1,0,0
TD059,TD,capacitor,numeric,scalar,12.72,pF,3,0,1,0,0,1,0,0
TD060,TD,capacitor,numeric,scalar,0.73,nC,2,0,1,0,0,1,0,0
TD061,TD,capacitor,numeric,scalar,20.8,nJ,2,0,1,0,1,1,0,0
TD062,TD,capacitor,numeric,scalar,22.74,pF,3,0,1,0,0,1,0,0
TD063,TD,capacitor,numeric,scalar,2.53,nC,2,0,1,0,0,1,0,0
TD064,TD,capacitor,numeric,scalar,140.47,nJ,2,0,1,0,1,1,0,0
TD065,TD,capacitor,numeric,scalar,19.81,pF,3,0,1,0,0,1,0,0
TD066,TD,capacitor,numeric,scalar,2.61,nC,2,0,1,0,0,1,0,0
TD067,TD,capacitor,numeric,scalar,171.80,nJ,2,0,1,0,1,1,0,0
TD068,TD,capacitor,numeric,scalar,32.68,pF,3,0,1,1,0,1,0,0
TD069,TD,capacitor,numeric,scalar,5.27,nC,2,0,1,0,0,1,0,0
TD070,TD,capacitor,numeric,scalar,428.31,nJ,2,0,1,0,1,1,0,0
TD071,TD,capacitor,numeric,scalar,61.23,pF,3,0,1,0,0,1,0,0
TD072,TD,capacitor,numeric,scalar,6.46,nC,2,0,1,0,0,1,0,0
TD073,TD,capacitor,numeric,scalar,339.59,nJ,2,0,1,0,1,1,0,0
TD074,TD,capacitor,numeric,scalar,81.73,pF,3,0,1,1,0,1,0,0
TD075,TD,capacitor,numeric,scalar,10.49,nC,2,0,1,0,0,1,0,0
TD076,TD,capacitor,numeric,scalar,676.84,nJ,2,0,1,0,1,1,0,0
TD077,TD,capacitor,numeric,scalar,39.68,pF,3,0,1,1,0,1,0,0
TD078,TD,capacitor,numeric,scalar,4.51,nC,2,0,1,0,0,1,0,0
TD079,TD,capacitor,numeric,scalar,256.29,nJ,2,0,1,0,1,1,0,0
TD080,TD,capacitor,numeric,scalar,21.67,pF,3,0,1,1,0,1,0,0
TD081,TD,capacitor,numeric,scalar,1.83,nC,2,0,1,0,0,1,0,0
TD082,TD,capacitor,numeric,scalar,77.00,nJ,2,0,1,0,1,1,0,0
TD083,TD,capacitor,numeric,scalar,40.24,pF,3,0,1,1,0,1,0,0
TD084,TD,capacitor,numeric,scalar,4.04,nC,2,0,1,0,0,1,0,0
TD085,TD,capacitor,numeric,scalar,202.36,nJ,2,0,1,0,1,1,0,0
TD086,TD,capacitor,numeric,scalar,27.59,pF,3,0,1,0,0,1,0,0
TD087,TD,capacitor,numeric,scalar,2.54,nC,2,0,1,0,0,1,0,0
TD088,TD,capacitor,numeric,scalar,116.68,nJ,2,0,1,0,1,1,0,0
TD089,TD,capacitor,numeric,scalar,31.23,pF,3,0,1,1,0,1,0,0
TD090,TD,capacitor,numeric,scalar,2.38,nC,2,0,1,0,0,1,0,0
TD091,TD,capacitor,numeric,scalar,2.085,μC,3,0,1,1,1,1,0,0
TD092,TD,capacitor,numeric,scalar,1.69,μC,3,0,1,0,1,1,0,0
TD093,TD,capacitor,numeric,scalar,5.73,—,3,0,1,1,0,1,0,0
TD094,TD,capacitor,numeric,scalar,11.04,—,3,0,1,1,0,1,0,0
TD095,TD,capacitor,numeric,scalar,240,V,4,0,1,0,0,1,0,0
TD096,TD,capacitor,numeric,scalar,193.75,V,4,0,1,0,0,1,0,0
TD097,TD,capacitor,numeric,scalar,2.52,μC,3,0,1,0,1,1,0,0
TD098,TD,capacitor,numeric,scalar,4.57,—,3,0,1,0,0,1,0,0
TD099,TD,capacitor,numeric,scalar,196.67,V,4,0,1,0,0,1,0,0
TD100,TD,capacitor,numeric,scalar,10.89,—,3,0,1,1,0,1,0,0
DT001,DT,electrostatics_field,numeric,scalar,0,V/m,5,2,1,1,1,1,0,1
DT002,DT,electrostatics_field,numeric,scalar,640000,V/m,5,2,1,1,1,1,0,1
DT003,DT,electrostatics_field,numeric,scalar,351000,V/m,4,1,1,1,1,1,0,1
DT004,DT,electrostatics_force,numeric,scalar,0.7,N,5,2,1,1,1,1,0,0
DT005,DT,electrostatics_field,numeric,scalar,0.094,N,5,1,1,1,1,1,0,1
DT006,DT,electrostatics_field,numeric,scalar,0.168,N,6,2,1,1,1,1,0,1
DT007,DT,electrostatics_field,text,text,a/ \sqrt{2},m,1,1,0,1,1,1,0,1
DT008,DT,electrostatics_field,text,text,/frac{2k \q h}{(a^2 + h^2)^1.5},V/m,1,1,0,1,1,1,0,1
DT019,DT,electrostatics_field,numeric,scalar,0,V/m,0,0,0,1,1,1,0,1
DT020,DT,electrostatics_field,math_expression,symbolic_numeric,\frac{4 \sqrt{2} k q}{\epsilon a^2},V/m,0,0,0,1,1,1,0,1
DT025,DT,electrostatics_field,numeric,scalar,60,cm,3,0,1,1,1,1,0,0
DT027,DT,electrostatics_field,numeric,scalar,8,cm,2,0,1,1,1,1,0,1
DT028,DT,electrostatics_field,numeric,scalar,4,cm,1,0,1,1,1,1,0,1
DT029,DT,electrostatics_field,numeric,scalar,36,cm,3,1,1,1,1,1,0,1
DT030,DT,electrostatics_field,numeric,scalar,48,cm,3,1,1,1,1,1,0,0
DT033,DT,electrostatics_field,numeric,scalar,6300000,V/m,5,2,1,1,1,1,0,1
DT034,DT,electrostatics_field,numeric,scalar,27.6,cm,3,0,1,1,1,1,1,1
DT035,DT,electrostatics_field,numeric,scalar,45.10^{5},V/m,5,2,1,1,1,1,0,1
DT036,DT,electrostatics_field,numeric,scalar,12,cm,3,1,1,1,1,1,0,1
DT037,DT,electrostatics_field,numeric,scalar,8,cm,3,1,1,1,1,1,0,1
DT040,DT,electrostatics_field,numeric,scalar,4 . 10^{-9},C,3,1,1,1,1,1,0,1
DT041,DT,electrostatics_field,numeric,scalar,10^4,V/m,2,0,1,1,1,1,0,0
DT042,DT,electrostatics_field,numeric,scalar,-0.4 . 10^{-4},C,2,0,1,1,1,1,0,1
DT043,DT,electrostatics_field,numeric,scalar,2.56,mm,1,0,1,0,1,1,0,1
DT044,DT,electrostatics_field,numeric,scalar,-40 . 10^{-6},C,2,0,1,1,1,1,0,1
DT045,DT,electrostatics_field,numeric,scalar,3 . 10^{-7},C,3,0,1,1,1,1,0,0
DT046,DT,electrostatics_field,numeric,scalar,3 . 10^4,V/m,3,0,1,1,1,1,0,1
DT047,DT,ac_rlc,math_expression,math_expression,1/2 . (1/ \sqrt{E_A} + 1/ \sqrt{E_B}),-,0,1,0,1,1,1,1,0
DT048,DT,electrostatics_field,numeric,scalar,246,V/m,6,7,1,1,1,1,0,1
DT049,DT,electrostatics_field,numeric,scalar,-9 × 10^-8,C,6,1,1,1,1,1,0,1
DT050,DT,electrostatics_field,numeric,scalar,1.6 × 10^-7,C,6,1,1,1,1,1,0,1
DT051,DT,electrostatics_field,numeric,scalar,1.22 . 10^{-3},V/m,2,1,1,1,1,1,0,0
DT052,DT,electrostatics_field,numeric,scalar,2160,V/m,4,2,1,1,1,1,0,1
DT053,DT,electrostatics_field,numeric,scalar,2000,V/m,3,0,1,1,1,1,0,1
DT054,DT,electrostatics_field,numeric,scalar,9.8 . 10^{5},N/C,3,1,1,1,1,1,0,1
DT055,DT,electrostatics_field,numeric,scalar,538,N/C,4,0,1,1,1,1,0,0
DT056,DT,electrostatics_field,numeric,scalar,9000,V/m,2,0,1,1,1,1,0,1
DT057,DT,electrostatics_field,numeric,scalar,4.5 . 10^5,V/m,3,0,1,1,1,1,0,0
DT058,DT,electrostatics_field,text,text,8E,V/m,0,0,0,1,1,1,0,0
DT059,DT,electrostatics_field,numeric,scalar,7500,V/m,3,0,1,1,1,1,0,0
DT060,DT,electrostatics_field,text,text,1/4 \pi,rad,4,0,1,0,1,1,0,0
DT061,DT,electrostatics_field,numeric,scalar,16,V/m,2,1,0,1,1,0,1,1
DT062,DT,electrostatics_field,numeric,scalar,-2.7 . 10^{-8},C,6,2,1,1,1,1,0,0
DT063,DT,electrostatics_field,numeric,scalar,-6.4 . 10^{-8},C,6,2,1,1,1,1,0,0
DT072,DT,electrostatics_field,numeric,scalar,3863925.47,N/C,3,0,1,1,1,0,0,0
DT073,DT,electrostatics_field,text,scientific,7.38 x 10^5,N/C,4,0,1,1,1,0,0,1
DT074,DT,electrostatics_field,numeric,scalar,1000000,N/C,1,0,1,1,1,1,0,0
DT075,DT,electrostatics_field,numeric,scalar,0,N/C,1,0,1,1,1,1,1,1
DT080,DT,electrostatics_field,numeric,scalar,3.4 . 10^{-7},kg,2,0,1,1,1,1,0,0
DT081,DT,electrostatics_field,numeric,scalar,200000,V/m,2,0,1,1,1,1,0,0
DT082,DT,electrostatics_field,numeric,scalar,1272792.21,V/m,4,0,1,1,1,1,0,1
DT083,DT,electrostatics_field,numeric,scalar,156154.35,V/m,3,0,1,1,1,1,0,0
DT084,DT,electrostatics_field,numeric,scalar,245.91,N/C,6,1,1,1,1,1,0,1
DT085,DT,electrostatics_field,numeric,scalar,32000,V/m,4,7,1,1,1,1,1,0
DT087,DT,electrostatics_field,numeric,scalar,2000,V/m,2,1,1,1,1,0,0,1
DT088,DT,electrostatics_field,numeric,scalar,10^{-11},C,3,0,1,0,1,1,1,0
DT089,DT,electrostatics_field,text,scientific,4.52 x 10^4,V/m,4,0,1,1,1,1,0,1
DT090,DT,electrostatics_field,numeric,scalar,540,V/m,2,0,1,1,1,1,0,1
DT091,DT,electrostatics_field,numeric,scalar,100,V/m,2,0,1,0,1,0,0,0
DT092,DT,electrostatics_field,numeric,scalar,1.23 . 10^6,V/m,4,1,1,1,1,1,0,1
DT093,DT,electrostatics_field,numeric,scalar,4.25 . 10^5,V/m,4,1,1,1,1,1,0,1
DT094,DT,electrostatics_field,numeric,scalar,2000,V/m,2,0,0,1,1,1,0,1
DT095,DT,electrostatics_field,numeric,scalar,4500,V/m,0,0,1,1,1,1,0,0
DT096,DT,electrostatics_field,numeric,scalar,0,N/C,2,0,1,1,1,1,0,0
DT097,DT,electrostatics_field,text,scientific,2.3 x 10^4,N/C,4,2,1,1,1,1,0,1
DT098,DT,electrostatics_field,numeric,scalar,3.2 × 10^5,N/C,5,7,1,1,1,1,0,1
DT099,DT,electrostatics_field,numeric,scalar,0,N/C,3,0,1,1,1,1,0,1
DT100,DT,electrostatics_field,text,scientific,5.76 x 10^4,N/C,4,1,1,1,1,1,0,1
LD101,LD,electrostatics_force,numeric,scientific,2.707*10^-3,N,6,0,1,1,1,1,0,0
LD102,LD,electrostatics_force,numeric,scalar,0.238,N,6,1,1,1,1,1,0,1
LD103,LD,electrostatics_force,numeric,scalar,1.480,N,6,0,1,1,1,1,0,1
LD104,LD,electrostatics_force,numeric,scalar,0.175,N,5,0,1,1,1,1,0,0
LD105,LD,electrostatics_force,numeric,scalar,0.058,N,6,0,1,1,1,1,0,0
LD106,LD,electrostatics_force,numeric,scalar,0.071,N,6,1,1,1,1,1,0,1
LD107,LD,electrostatics_force,numeric,scientific,1.116*10^-3,N,5,0,1,1,1,1,0,1
LD108,LD,electrostatics_force,numeric,scalar,0.842,N,6,2,1,1,1,1,0,0
LD109,LD,electrostatics_force,numeric,scientific,3.5*10^-3,N,6,0,1,1,1,1,0,0
LD110,LD,electrostatics_force,numeric,scalar,0.023,N,6,0,1,1,1,1,0,1
LD111,LD,electrostatics_force,numeric,scientific,4.16*10^-3,N,6,0,1,1,1,1,0,1
LD112,LD,electrostatics_force,numeric,scientific,1.3*10^-3,N,6,1,1,1,1,1,0,0
LD113,LD,electrostatics_force,numeric,scientific,1.85*10^-3,N,6,0,1,1,1,1,0,0
LD114,LD,electrostatics_force,numeric,scientific,5.625*10^-3,N,6,1,1,1,1,1,1,1
LD115,LD,electrostatics_force,numeric,scalar,0.036,N,6,0,1,1,1,1,0,1
LD116,LD,electrostatics_force,numeric,scientific,0.56*10^-3,N,6,0,1,1,1,1,0,1
LD117,LD,electrostatics_force,numeric,scientific,0.734*10^-3,N,6,1,1,1,1,1,0,1
LD118,LD,electrostatics_force,numeric,scientific,4.83*10^-3,N,6,0,1,1,1,1,0,0
LD119,LD,electrostatics_force,numeric,scientific,12*10^-3,N,5,1,1,1,1,1,0,1
LD120,LD,electrostatics_force,numeric,scientific,0.379*10^-3,N,6,1,1,1,1,1,0,1
LD121,LD,electrostatics_force,numeric,scalar,8.6023,N,2,0,0,1,1,1,1,0
LD122,LD,electrostatics_force,numeric,scalar,14.140,N,2,1,1,1,1,1,0,1
LD123,LD,electrostatics_force,numeric,scalar,14.140,N,6,2,1,1,1,1,0,1
LD124,LD,electrostatics_force,numeric,scientific,1.82*10^-3,N,6,0,1,1,1,1,0,1
LD125,LD,electrostatics_force,numeric,scalar,7.5498,N,2,0,0,1,1,1,0,0
LD126,LD,electrostatics_force,numeric,scalar,8.544,N,2,0,0,1,1,1,0,0
LD127,LD,electrostatics_force,numeric,scalar,44.34,N,4,1,1,1,1,1,0,0
LD128,LD,electrostatics_force,numeric,scientific,2.88*10^-3,N,4,2,1,1,1,1,0,0
LD129,LD,electrostatics_force,numeric,scientific,2.04*10^-3,N,2,1,1,1,1,1,0,1
LD130,LD,electrostatics_force,numeric,scalar,17.320,N,4,1,1,1,1,1,0,0
LD131,LD,electrostatics_force,numeric,scalar,8.6603,N,2,0,0,1,1,1,0,0
LD132,LD,electrostatics_force,numeric,scalar,11.2694,N,2,0,0,1,1,1,0,0
LD133,LD,electrostatics_force,numeric,scalar,0.434,N,2,1,1,1,1,1,0,0
LD134,LD,electrostatics_force,numeric,scalar,0.035,N,3,1,1,1,1,1,0,0
LD135,LD,electrostatics_force,numeric,scalar,8.66,N,1,0,0,1,1,1,0,0
LD136,LD,electrostatics_force,numeric,scalar,0.716,N,2,1,1,1,1,1,0,1
LD137,LD,electrostatics_force,numeric,scalar,0.115,N,5,0,1,1,1,1,0,1
LD138,LD,electrostatics_force,numeric,scalar,64.8,N,4,2,1,1,1,1,0,1
LD139,LD,electrostatics_force,numeric,scalar,43.31,N,2,1,1,1,1,1,0,1
LD140,LD,electrostatics_force,numeric,scalar,0.173,N,4,1,1,1,1,1,0,0
LD141,LD,electrostatics_force,numeric,scalar,9.4868,N,2,0,0,1,1,1,0,0
LD142,LD,electrostatics_force,numeric,scalar,2.270,N,6,0,1,1,1,1,0,1
LD143,LD,electrostatics_force,numeric,scalar,7.5498,N,2,0,0,1,1,1,0,1
LD144,LD,electrostatics_force,numeric,scalar,0.162,N,4,2,1,1,1,1,0,1
LD145,LD,electrostatics_force,numeric,scientific,2.81*10^-2,N,4,2,1,1,1,1,0,1
LD146,LD,electrostatics_force,numeric,scientific,3.89*10^-3,N,4,0,1,1,1,1,0,1
LD147,LD,electrostatics_force,numeric,scientific,1.27*10^-4,N,2,1,1,1,1,1,0,1
LD148,LD,electrostatics_force,numeric,scalar,10.44,N,2,0,0,1,1,1,0,0
LD149,LD,electrostatics_force,numeric,scientific,1.27*10^-4,N,2,1,1,1,1,1,0,0
LD150,LD,electrostatics_force,numeric,scalar,36.32,N,6,0,1,1,1,1,0,1
LD151,LD,electrostatics_force,numeric,scientific,5.09*10^-4,N,2,1,1,1,1,1,0,1
LD152,LD,electrostatics_force,numeric,scalar,3.82,N,6,0,1,1,1,1,0,1
LD153,LD,electrostatics_force,numeric,scalar,7.9373,N,2,0,0,1,1,1,0,0
LD154,LD,electrostatics_force,numeric,scalar,0.098,N,4,1,1,1,1,1,0,0
LD155,LD,electrostatics_force,numeric,scalar,0.648,N,4,2,1,1,1,1,0,0
LD156,LD,electrostatics_force,numeric,scalar,12.8062,N,2,0,0,1,1,1,0,1
LD157,LD,electrostatics_force,numeric,scientific,12.6*10^-3,N,4,1,1,1,1,1,0,1
LD158,LD,electrostatics_force,numeric,scalar,24.94,N,4,1,1,1,1,1,0,1
LD159,LD,electrostatics_force,numeric,scientific,62.35*10^-3,N,4,1,1,1,1,1,0,0
LD160,LD,electrostatics_force,numeric,scalar,7.8102,N,2,0,0,1,1,1,0,0
LD161,LD,electrostatics_force,numeric,scalar,11.1355,N,2,0,0,1,1,1,0,0
LD162,LD,electrostatics_force,numeric,scalar,3.8268,N,1,0,0,1,1,1,0,1
LD163,LD,electrostatics_force,numeric,scalar,15.593,N,2,0,0,1,1,1,0,0
LD164,LD,electrostatics_force,numeric,scalar,11.4018,N,2,0,0,1,1,1,1,1
LD165,LD,electrostatics_force,numeric,scalar,8.2594,N,2,0,0,1,1,1,0,0
LD166,LD,electrostatics_force,numeric,scalar,8.5009,N,2,0,0,1,1,1,0,1
LD167,LD,electrostatics_force,numeric,scalar,13.229,N,2,0,0,1,1,1,0,0
LD168,LD,electrostatics_force,numeric,scalar,7.817,N,2,0,0,1,1,1,0,0
LD169,LD,electrostatics_force,numeric,scalar,18.354,N,2,0,0,1,1,1,0,0
LD170,LD,electrostatics_force,numeric,scalar,8.8882,N,2,0,0,1,1,1,0,0
LD171,LD,electrostatics_force,numeric,scalar,15.620,N,2,0,0,1,1,1,0,0
LD172,LD,electrostatics_force,numeric,scalar,4.3589,N,2,0,0,1,1,1,0,1
LD173,LD,electrostatics_force,numeric,scalar,10.6283,N,2,0,0,1,1,1,0,0
LD174,LD,electrostatics_force,numeric,scalar,6.9282,N,2,0,0,1,1,1,0,0
LD175,LD,electrostatics_force,numeric,scalar,7,N,2,0,0,1,1,1,0,0
LD176,LD,electrostatics_force,numeric,scalar,9.7833,N,2,0,0,1,1,1,0,0
LD177,LD,electrostatics_force,numeric,scalar,13.892,N,2,0,0,1,1,1,1,1
LD178,LD,electrostatics_force,numeric,scalar,8.544,N,2,0,0,1,1,1,1,0
LD179,LD,electrostatics_force,numeric,scalar,7.2801,N,2,0,0,1,1,1,0,1
LD180,LD,electrostatics_force,numeric,scalar,8.6023,N,2,0,0,1,1,1,1,1
LD181,LD,electrostatics_force,numeric,scalar,12.7671,N,2,0,0,1,1,1,0,0
LD182,LD,electrostatics_force,numeric,scalar,7.8102,N,2,0,0,1,1,1,1,0
LD183,LD,electrostatics_force,numeric,scalar,5.5678,N,2,0,0,1,1,1,0,0
LD184,LD,electrostatics_force,numeric,scalar,10.7037,N,2,0,0,1,1,1,0,0
LD185,LD,electrostatics_force,numeric,scalar,7.8736,N,2,0,0,1,1,1,0,0
LD186,LD,electrostatics_force,numeric,scalar,15.716,N,2,0,0,1,1,1,0,0
LD187,LD,electrostatics_force,numeric,scalar,8.6972,N,2,0,0,1,1,1,0,0
LD188,LD,electrostatics_force,numeric,scalar,13.906,N,2,0,0,1,1,1,0,1
LD189,LD,electrostatics_force,numeric,scalar,14.602,N,2,0,0,1,1,1,0,0
LD190,LD,electrostatics_force,numeric,scalar,6.5085,N,2,0,0,1,1,1,0,0
LD191,LD,electrostatics_force,numeric,scalar,15.533,N,2,0,0,1,1,1,0,0
LD192,LD,electrostatics_force,numeric,scalar,8.2594,N,2,0,0,1,1,1,0,0
LD193,LD,electrostatics_force,numeric,scalar,8.0,N,1,0,0,1,1,1,0,1
LD194,LD,electrostatics_force,numeric,scalar,8.2594,N,2,0,0,1,1,1,0,0
LD195,LD,electrostatics_force,numeric,scalar,5.8945,N,2,0,0,1,1,1,0,0
LD196,LD,electrostatics_force,numeric,scalar,11.1803,N,2,0,0,1,1,1,1,0
LD197,LD,electrostatics_force,numeric,scalar,9.7833,N,2,0,0,1,1,1,0,0
LD198,LD,electrostatics_force,numeric,scalar,9.3647,N,2,0,0,1,1,1,0,0
LD199,LD,electrostatics_force,numeric,scalar,9.1652,N,2,0,0,1,1,1,0,0
LD200,LD,electrostatics_force,numeric,scalar,10.1699,N,2,0,0,1,1,1,0,0
LD201,LD,electrostatics_force,numeric,scalar,281.25,N,4,2,1,1,1,1,0,1
LD202,LD,electrostatics_force,numeric,scalar,0.453,N,5,0,1,1,1,1,0,1
LD203,LD,electrostatics_force,numeric,scalar,62.37,N,2,1,1,1,1,1,0,1
LD204,LD,electrostatics_force,numeric,scalar,9.1125,N,4,1,1,1,1,1,0,0
LD205,LD,electrostatics_force,numeric,scalar,5.832,N,4,2,1,1,1,1,0,1
LD206,LD,electrostatics_force,numeric,scalar,0.227,N,5,1,1,1,1,1,0,1
LD207,LD,electrostatics_force,numeric,scalar,7.955,N,2,1,1,1,1,1,1,0
LD208,LD,electrostatics_force,numeric,scalar,7.2,N,4,2,1,1,1,1,0,0
LD209,LD,electrostatics_force,numeric,scientific,6.928*10^-5,N,4,1,1,1,1,1,0,0
LD210,LD,electrostatics_force,numeric,scientific,4.495*10^-3,N,4,1,1,1,1,1,0,1
LD211,LD,electrostatics_force,numeric,scalar,31.780,N,2,1,1,1,1,1,0,0
LD212,LD,electrostatics_force,numeric,scalar,0.877,N,5,1,1,1,1,1,0,1
LD213,LD,electrostatics_force,numeric,scientific,62.4*10^-3,N,5,1,1,1,1,1,0,0
LD214,LD,electrostatics_force,numeric,scientific,1.02*10^-3,N,5,0,1,1,1,1,0,1
LD215,LD,electrostatics_force,numeric,scalar,0.566,N,5,1,1,1,1,1,0,1
LD216,LD,electrostatics_force,numeric,scalar,0.156,N,2,1,1,1,1,1,0,0
LD217,LD,electrostatics_force,numeric,scalar,0.815,N,2,1,1,1,1,1,0,1
LD218,LD,electrostatics_force,numeric,scalar,0.648,N,4,1,1,1,1,1,0,1
LD219,LD,electrostatics_force,numeric,scientific,1.71*10^-3,N,5,0,1,1,1,1,0,1
LD220,LD,electrostatics_force,numeric,scientific,0.509*10^-3,N,5,0,1,1,1,1,0,1
LD221,LD,electrostatics_force,numeric,scalar,20.0,N,4,2,1,1,1,1,0,1
LD222,LD,electrostatics_force,numeric,scalar,4.608,N,4,2,1,1,1,1,0,0
LD223,LD,electrostatics_force,numeric,scalar,0.128,N,4,1,1,1,1,1,0,0
LD224,LD,electrostatics_force,numeric,scalar,1.0825,N,4,1,1,1,1,1,0,0
LD225,LD,electrostatics_force,numeric,scalar,7.2,N,4,2,1,1,1,1,0,1
LD226,LD,electrostatics_force,numeric,scalar,0.141,N,2,1,1,1,1,1,1,0
LD227,LD,electrostatics_force,numeric,scientific,0.509*10^-3,N,2,1,1,1,1,1,0,1
LD228,LD,electrostatics_force,numeric,scientific,8.77*10^-3,N,4,1,1,1,1,1,0,1
LD229,LD,electrostatics_force,numeric,scalar,320.0,N,4,2,1,1,1,1,0,0
LD230,LD,electrostatics_force,numeric,scalar,35.355,N,5,1,1,1,1,1,0,1
LD231,LD,electrostatics_force,numeric,scalar,1.7108,N,4,1,1,1,1,1,0,0
LD232,LD,electrostatics_force,numeric,scientific,6.928*10^-3,N,4,1,1,1,1,1,0,1
LD233,LD,electrostatics_force,numeric,scalar,6.800,N,5,0,1,1,1,1,0,1
LD234,LD,electrostatics_force,numeric,scalar,0.204,N,2,1,1,1,1,1,0,0
LD235,LD,electrostatics_force,numeric,scalar,33.948,N,4,1,1,1,1,1,0,1
LD236,LD,electrostatics_force,numeric,scalar,2.7713,N,4,1,1,1,1,1,0,0
LD237,LD,electrostatics_force,numeric,scalar,1.8,N,4,2,1,1,1,1,0,0
LD238,LD,electrostatics_force,numeric,scalar,11.0851,N,4,1,1,1,1,1,0,0
LD239,LD,electrostatics_force,numeric,scalar,64.8,N,4,2,1,1,1,1,0,1
LD240,LD,electrostatics_force,numeric,scientific,0.624*10^-3,N,4,1,1,1,1,1,0,1
LD241,LD,electrostatics_force,numeric,scalar,0.032,N,4,2,1,1,1,1,0,0
LD242,LD,electrostatics_force,numeric,scientific,15.588*10^-3,N,4,1,1,1,1,1,0,0
LD243,LD,electrostatics_force,numeric,scientific,0.5091*10^-3,N,2,1,1,1,1,1,0,1
LD244,LD,electrostatics_force,numeric,scientific,56.57*10^-6,N,2,1,1,1,1,1,0,1
LD245,LD,electrostatics_force,numeric,scalar,0.016,N,4,1,1,1,1,1,0,0
LD246,LD,electrostatics_force,numeric,scalar,20.360,N,2,1,1,1,1,1,0,0
LD247,LD,electrostatics_force,numeric,scalar,1.814,N,5,0,1,1,1,1,0,1
LD248,LD,electrostatics_force,numeric,scalar,0.495,N,5,1,1,1,1,1,0,1
LD249,LD,electrostatics_force,numeric,scalar,0.163,N,5,0,1,1,1,1,0,1
LD250,LD,electrostatics_force,numeric,scalar,1.8,N,4,1,1,1,1,1,0,1
LD251,LD,electrostatics_force,numeric,scalar,0.023,N,2,1,1,1,1,1,0,0
LD252,LD,electrostatics_force,numeric,scientific,2.036*10^-3,N,2,1,1,1,1,1,0,0
LD253,LD,electrostatics_force,numeric,scalar,27.06,N,4,1,1,1,1,1,0,1
LD254,LD,electrostatics_force,numeric,scientific,1.144*10^-3,N,2,1,1,1,1,1,0,0
LD255,LD,electrostatics_force,numeric,scientific,12.71*10^-3,N,7,0,1,1,1,1,0,1
LD256,LD,electrostatics_force,numeric,scalar,0.458,N,2,1,1,1,1,1,1,1
LD257,LD,electrostatics_force,numeric,scientific,71.92*10^-3,N,4,2,1,1,1,1,0,0
LD258,LD,electrostatics_force,numeric,scalar,0.115,N,2,1,1,1,1,1,0,1
LD259,LD,electrostatics_force,numeric,scientific,2.036*10^-3,N,5,0,1,1,1,1,0,1
LD260,LD,electrostatics_force,numeric,scientific,0.226*10^-3,N,2,1,1,1,1,1,0,0
LD261,LD,electrostatics_force,numeric,scalar,11.0851,N,4,1,1,1,1,1,0,1
LD262,LD,electrostatics_force,numeric,scalar,2.55 × 10^-4,N,5,0,1,1,1,1,0,1
LD263,LD,electrostatics_force,numeric,scientific,0.4315*10^-3,N,5,1,1,1,1,1,0,1
LD264,LD,electrostatics_force,numeric,scalar,0.218,N,5,0,1,1,1,1,0,1
LD265,LD,electrostatics_force,numeric,scalar,27.68,N,2,1,1,1,1,1,1,0
LD266,LD,electrostatics_force,numeric,scientific,32.16*10^-3,N,5,0,1,1,1,1,0,1
LD267,LD,electrostatics_force,numeric,scalar,352.8,N,4,2,1,1,1,1,0,0
LD268,LD,electrostatics_force,numeric,scientific,0.5*10^-3,N,2,1,1,1,1,1,0,0
LD269,LD,electrostatics_force,numeric,scientific,3.62*10^-3,N,2,1,1,1,1,1,0,1
LD270,LD,electrostatics_force,numeric,scalar,180.0,N,4,2,1,1,1,1,0,0
LD271,LD,electrostatics_force,numeric,scalar,7.95 × 10^-4,N,2,1,1,1,1,1,0,0
LD272,LD,electrostatics_force,numeric,scalar,2.273,N,5,0,1,1,1,1,0,1
LD273,LD,electrostatics_force,numeric,scalar,980.0,N,4,2,1,1,1,1,0,0
LD274,LD,electrostatics_force,numeric,scalar,36.32,N,5,1,1,1,1,1,0,1
LD275,LD,electrostatics_force,numeric,scalar,1.0125,N,4,2,1,1,1,1,0,1
LD276,LD,electrostatics_force,numeric,scalar,9.1125,N,4,2,1,1,1,1,0,0
LD277,LD,electrostatics_force,numeric,scalar,31.820,N,2,1,1,1,1,1,0,0
LD278,LD,electrostatics_force,numeric,scalar,0.409,N,5,0,1,1,1,1,0,1
LD279,LD,electrostatics_force,numeric,scalar,2.7713,N,5,1,1,1,1,1,0,1
LD280,LD,electrostatics_force,numeric,scalar,0.45,N,4,1,1,1,1,1,0,1
LD281,LD,electrostatics_force,numeric,scientific,27.7*10^-3,N,5,1,1,1,1,1,0,0
LD282,LD,electrostatics_force,numeric,scientific,2.77*10^-3,N,2,1,1,1,1,1,0,1
LD283,LD,electrostatics_force,numeric,scientific,10.83*10^-3,N,4,1,1,1,1,1,0,1
LD284,LD,electrostatics_force,numeric,scalar,0.018,N,4,1,1,1,1,1,0,0
LD285,LD,electrostatics_force,numeric,scalar,0.115,N,2,1,1,1,1,1,0,0
LD286,LD,electrostatics_force,numeric,scalar,583.2,N,4,2,1,1,1,1,0,1
LD287,LD,electrostatics_force,numeric,scalar,1.028,N,5,0,1,1,1,1,0,1
LD288,LD,electrostatics_force,numeric,scalar,3.528,N,4,2,1,1,1,1,0,1
LD289,LD,electrostatics_force,numeric,scalar,0.018,N,4,2,1,1,1,1,0,1
LD290,LD,electrostatics_force,numeric,scalar,2.8638,N,2,1,1,1,1,1,0,0
LD291,LD,electrostatics_force,numeric,scientific,4.58*10^-3,N,2,1,1,1,1,1,0,1
LD292,LD,electrostatics_force,numeric,scientific,1.732*10^-3,N,4,1,1,1,1,1,0,0
LD293,LD,electrostatics_force,numeric,scientific,0.509*10^-3,N,2,1,1,1,1,1,0,0
LD294,LD,electrostatics_force,numeric,scalar,0.230 × 10⁻³,N,5,1,1,1,1,1,0,1
LD295,LD,electrostatics_force,numeric,scalar,43.30 × 10⁻³,N,4,1,1,1,1,1,0,0
LD296,LD,electrostatics_field,numeric,scalar,7.05 × 10^6,V/m,4,1,1,1,1,1,0,1
LD297,LD,electrostatics_field,numeric,scientific,1.84*10^7,V/m,4,0,1,1,1,1,1,0
LD298,LD,electrostatics_field,numeric,scalar,8.14 × 10^6,V/m,3,2,1,1,1,1,0,1
LD299,LD,electrostatics_field,numeric,scalar,5.65 × 10^6,V/m,2,1,1,1,1,1,0,1
LD300,LD,electrostatics_field,numeric,scalar,6.26 × 10^7,V/m,3,1,1,1,1,1,0,1
LD301,LD,electrostatics_field,numeric,scalar,1.25 × 10^7,V/m,4,1,1,1,1,1,0,1
LD302,LD,electrostatics_field,numeric,scalar,5.65 × 10^6,V/m,2,1,1,1,1,1,0,1
LD303,LD,electrostatics_field,numeric,scalar,7.95 × 10^6,V/m,2,1,1,1,1,1,0,1
LD304,LD,electrostatics_field,numeric,scalar,3.84 × 10^7,V/m,3,2,1,1,1,1,0,1
LD305,LD,electrostatics_field,numeric,scalar,3.82 × 10^6,V/m,4,1,1,1,1,1,0,1
LD306,LD,electrostatics_field,numeric,scalar,1.99 × 10^6,V/m,4,1,1,1,1,1,0,1
LD307,LD,electrostatics_field,numeric,scientific,1.493*10^7,V/m,4,1,1,1,1,1,0,1
LD308,LD,electrostatics_field,numeric,scalar,5.65 × 10^6,V/m,2,1,1,1,1,1,0,1
LD309,LD,electrostatics_field,numeric,scalar,3.12 × 10^6,V/m,2,1,1,1,1,1,0,1
LD310,LD,electrostatics_field,numeric,scalar,2.77 × 10^7,V/m,4,1,1,1,1,1,0,1
LD311,LD,electrostatics_field,numeric,scalar,1.76 × 10^6,V/m,4,1,1,1,1,1,0,1
LD312,LD,electrostatics_field,numeric,scalar,3.2 × 10^7,V/m,3,1,1,1,1,1,0,1
LD313,LD,electrostatics_field,numeric,scalar,3.52 × 10^6,V/m,2,1,1,1,1,1,0,1
LD314,LD,electrostatics_field,numeric,scalar,1.25 × 10^7,V/m,4,1,1,1,1,1,0,1
LD315,LD,electrostatics_field,numeric,scalar,7.6 × 10^6,V/m,2,1,1,1,1,1,0,1
LD316,LD,electrostatics_field,numeric,scientific,1.684*10^7,V/m,4,1,1,1,1,1,0,1
LD317,LD,electrostatics_field,numeric,scalar,6.49 × 10^6,V/m,2,1,1,1,1,1,0,1
LD318,LD,electrostatics_field,numeric,scalar,5.8 × 10^6,V/m,4,1,1,1,1,1,0,1
LD319,LD,electrostatics_field,numeric,scalar,3.82 × 10^6,V/m,4,1,1,1,1,1,0,1
LD320,LD,electrostatics_field,numeric,scalar,7.71 × 10^6,V/m,2,1,1,1,1,1,0,1
LD321,LD,electrostatics_field,numeric,scalar,1.32 × 10^7,V/m,3,2,1,1,1,1,0,1
LD322,LD,electrostatics_field,numeric,scalar,6.92 × 10^6,V/m,4,1,1,1,1,1,0,1
LD323,LD,electrostatics_field,numeric,scalar,1.28 × 10^8,V/m,3,2,1,1,1,1,0,1
LD324,LD,electrostatics_field,numeric,scalar,1.62 × 10^6,V/m,2,1,1,1,1,1,0,1
LD325,LD,electrostatics_field,numeric,scientific,7.378*10^6,V/m,4,1,1,1,1,1,0,0
LD326,LD,electrostatics_field,numeric,scalar,1.28 × 10^8,V/m,3,2,1,1,1,1,0,1
LD327,LD,electrostatics_field,numeric,scalar,4.36 × 10^7,V/m,3,2,1,1,1,1,0,1
LD328,LD,electrostatics_field,numeric,scientific,3.29*10^6,V/m,4,1,1,1,1,1,0,1
LD329,LD,electrostatics_field,numeric,scalar,1.76 × 10^6,V/m,4,1,1,1,1,1,0,1
LD330,LD,electrostatics_field,numeric,scalar,3.12 × 10^6,V/m,2,1,1,1,1,1,0,1
LD331,LD,electrostatics_field,numeric,scientific,9.932*10^6,V/m,4,1,1,1,1,1,0,0
LD332,LD,electrostatics_field,numeric,scientific,4.012*10^6,V/m,4,2,1,1,1,1,0,0
LD333,LD,electrostatics_field,numeric,scalar,9.18 × 10^6,V/m,3,2,1,1,1,1,0,1
LD334,LD,electrostatics_field,numeric,scientific,9.932*10^6,V/m,4,1,1,1,1,1,0,1
LD335,LD,electrostatics_field,numeric,scalar,5.65 × 10^6,V/m,2,1,1,1,1,1,0,1
LD336,LD,electrostatics_field,numeric,scientific,1.31*10^7,V/m,4,1,1,1,1,1,0,0
LD337,LD,electrostatics_field,numeric,scientific,1.72*10^7,V/m,5,0,1,1,1,1,0,0
LD338,LD,electrostatics_field,numeric,scalar,1.00 × 10⁷,V/m,5,0,1,1,1,1,0,0
LD339,LD,electrostatics_field,numeric,scientific,1.3*10^7,V/m,4,0,1,1,1,1,0,0
LD340,LD,electrostatics_field,numeric,scientific,8.87*10^6,V/m,4,1,1,1,1,1,0,0
LD341,LD,electrostatics_field,numeric,scientific,1.98*10^7,V/m,4,1,1,1,1,1,0,1
LD342,LD,electrostatics_field,numeric,scientific,2.1*10^6,V/m,4,0,1,1,1,1,0,1
LD343,LD,electrostatics_field,numeric,scientific,2.027*10^6,V/m,4,0,1,1,1,1,0,1
LD344,LD,electrostatics_field,numeric,scientific,2.7*10^7,V/m,4,0,1,1,1,1,0,1
LD345,LD,electrostatics_field,numeric,scientific,5.608*10^7,V/m,6,0,1,1,1,1,0,1
LD346,LD,electrostatics_field,numeric,scientific,8.11*10^6,V/m,4,0,1,1,1,1,0,1
LD347,LD,electrostatics_field,numeric,scientific,4.725*10^7,V/m,6,0,1,1,1,1,0,1
LD349,LD,electrostatics_field,numeric,scientific,1.2*10^7,V/m,3,0,1,1,1,1,0,0
LD351,LD,electrostatics_field,numeric,scientific,2.36*10^7,V/m,4,1,1,1,1,1,0,0
LD352,LD,electrostatics_field,numeric,scalar,2.62 × 10^7,V/m,3,0,1,1,1,1,0,0
LD353,LD,electrostatics_field,numeric,scalar,6.02 × 10^7,V/m,3,0,1,1,1,1,0,0
LD354,LD,electrostatics_field,numeric,scientific,1.155*10^7,V/m,4,0,1,1,1,1,0,0
LD355,LD,electrostatics_field,numeric,scalar,6.68 × 10^6,V/m,4,0,1,1,1,1,0,0
LD356,LD,electrostatics_field,numeric,scientific,2.2*10^7,V/m,6,0,1,1,1,1,0,1
LD357,LD,electrostatics_field,numeric,scientific,2.85*10^7,V/m,4,1,1,1,1,1,0,1
LD358,LD,electrostatics_field,numeric,scalar,3.47 × 10^6,V/m,4,0,1,1,1,1,0,0
LD359,LD,electrostatics_field,numeric,scientific,6*10^6,V/m,4,1,1,1,1,1,0,0
LD360,LD,electrostatics_field,numeric,scalar,1.34 × 10⁷,V/m,6,0,1,1,1,1,0,1
LD361,LD,electrostatics_field,numeric,scientific,2.98*10^7,V/m,3,0,1,1,1,1,0,0
LD362,LD,electrostatics_field,numeric,scalar,56.11 × 10^6,V/m,3,0,1,1,1,1,0,0
LD363,LD,electrostatics_field,numeric,scalar,22.29 × 10^6,V/m,3,0,1,1,1,1,0,0
LD364,LD,electrostatics_field,numeric,scalar,7.32 × 10^6,V/m,3,0,1,1,1,1,0,0
LD365,LD,electrostatics_field,numeric,scalar,57.41 × 10^6,V/m,3,0,1,1,1,1,0,0
LD366,LD,electrostatics_field,numeric,scalar,13.48 × 10^6,V/m,3,0,1,1,1,1,0,0
LD367,LD,electrostatics_field,numeric,scalar,50.39 × 10^6,V/m,3,0,1,1,1,1,0,0
LD368,LD,electrostatics_field,numeric,scalar,15.51 × 10^6,V/m,3,0,1,1,1,1,0,0
LD369,LD,electrostatics_field,numeric,scalar,29.80 × 10^6,V/m,3,0,1,1,1,1,0,0
LD370,LD,electrostatics_field,numeric,scalar,16.54 × 10^6,V/m,3,0,1,1,1,1,0,0
LD371,LD,electrostatics_field,numeric,scalar,11.18 × 10^6,V/m,3,0,1,1,1,1,0,0
LD372,LD,electrostatics_field,numeric,scalar,127.09 × 10^6,V/m,3,0,1,1,1,1,0,0
LD373,LD,electrostatics_field,numeric,scalar,19.54 × 10^6,V/m,3,0,1,1,1,1,0,0
LD374,LD,electrostatics_field,numeric,scalar,25.24 × 10^6,V/m,3,0,1,1,1,1,0,0
LD375,LD,electrostatics_field,numeric,scalar,82.49 × 10^6,V/m,3,0,1,1,1,1,0,0
LD376,LD,electrostatics_field,numeric,scalar,0.54 × 10^6,V/m,3,1,1,1,1,1,0,1
LD377,LD,electrostatics_field,numeric,scalar,8.44 × 10^6,V/m,4,1,1,1,1,1,0,0
LD378,LD,electrostatics_field,numeric,scalar,8.90 × 10^6,V/m,3,1,1,1,1,1,0,1
LD379,LD,electrostatics_field,numeric,scientific,8.28*10^6,V/m,4,0,1,1,1,1,0,1
LD380,LD,electrostatics_field,numeric,scalar,27.51 × 10^6,V/m,4,1,1,1,1,1,0,0
LD381,LD,electrostatics_field,numeric,scalar,6.86 × 10^6,V/m,3,1,1,1,1,1,0,1
LD382,LD,electrostatics_field,numeric,scalar,5.29 × 10^6,V/m,3,1,1,1,1,1,0,1
LD383,LD,electrostatics_field,numeric,scalar,5.162 × 10⁶,V/m,3,1,1,1,1,1,0,1
LD384,LD,electrostatics_field,numeric,scientific,5.27*10^6,V/m,4,0,1,1,1,1,0,0
LD385,LD,electrostatics_field,numeric,scalar,3.50 × 10^6,V/m,4,1,1,1,1,1,0,0
LD386,LD,electrostatics_field,numeric,scalar,11.19 × 10^6,V/m,3,1,1,1,1,1,0,1
LD387,LD,electrostatics_field,numeric,scientific,9.1*10^6,V/m,4,0,1,1,1,1,0,1
LD388,LD,electrostatics_field,numeric,scientific,5.02*10^6,V/m,4,0,1,1,1,1,0,1
LD389,LD,electrostatics_field,numeric,scientific,1.94*10^6,V/m,4,0,1,1,1,1,0,1
LD390,LD,electrostatics_field,numeric,scalar,6.48 × 10⁶,V/m,4,1,1,1,1,1,0,1
LD391,LD,electrostatics_field,numeric,scientific,2.89*10^6,V/m,4,0,1,1,1,1,0,1
LD392,LD,electrostatics_field,numeric,scalar,8.48 × 10⁶,V/m,4,1,1,1,1,1,0,1
LD393,LD,electrostatics_field,numeric,scalar,0.56 × 10^6,V/m,3,1,1,1,1,1,0,1
LD394,LD,electrostatics_field,numeric,scalar,14.03 × 10⁶,V/m,4,1,1,1,1,1,0,0
LD395,LD,electrostatics_field,text,scientific,1.00 x 10^7,V/m,4,1,1,1,1,1,0,0
LD396,LD,electrostatics_field,numeric,scalar,6.49 × 10⁶,V/m,4,1,1,1,1,1,0,0
LD397,LD,electrostatics_field,numeric,scientific,3.15*10^6,V/m,4,0,1,1,1,1,0,1
LD398,LD,electrostatics_field,numeric,scalar,11.41 × 10^6,V/m,3,1,1,1,1,1,0,1
LD399,LD,electrostatics_field,numeric,scalar,18.07 × 10^6,V/m,3,1,1,1,1,1,0,1
LD400,LD,electrostatics_field,numeric,scientific,2.01*10^7,V/m,4,0,1,1,1,1,0,1
TD101,TD,capacitor,numeric,scalar,3,nC,3,0,1,1,0,1,0,0
TD162,TD,capacitor,numeric,scalar,29.97,pF,3,0,1,0,0,1,0,0
TD163,TD,capacitor,numeric,scalar,4.06,nC,2,0,1,0,0,1,0,0
TD164,TD,capacitor,numeric,scalar,275.26,nJ,2,0,1,0,1,1,0,0
TD165,TD,capacitor,numeric,scalar,27.720,pF,3,0,1,0,0,1,0,0
TD166,TD,capacitor,numeric,scalar,3.005,nC,2,0,1,0,0,1,0,0
TD167,TD,capacitor,numeric,scalar,163.4,nJ,2,0,1,0,1,1,0,0
TD168,TD,capacitor,numeric,scalar,29.42,pF,3,0,1,0,0,1,0,0
TD169,TD,capacitor,numeric,scalar,2.83,nC,2,0,1,0,0,1,0,0
TD170,TD,capacitor,numeric,scalar,136.4,nJ,2,0,1,0,1,1,0,0
TD171,TD,capacitor,numeric,scalar,22.63,pF,3,0,1,0,0,1,0,0
TD172,TD,capacitor,numeric,scalar,2.51,nC,2,0,1,0,0,1,0,0
TD173,TD,capacitor,numeric,scalar,141,nJ,2,0,1,0,1,1,0,0
TD174,TD,capacitor,numeric,scalar,23.900,pF,3,0,1,0,0,1,0,0
TD175,TD,capacitor,numeric,scalar,1.804,nC,2,0,1,0,0,1,0,0
TD176,TD,capacitor,numeric,scalar,70.09,nJ,2,0,1,0,1,1,0,0
TD177,TD,capacitor,numeric,scalar,36.72,pF,3,0,1,0,0,1,0,0
TD178,TD,capacitor,numeric,scalar,4.55,nC,2,0,1,0,0,1,0,0
TD179,TD,capacitor,numeric,scalar,283.1,nJ,2,0,1,0,1,1,0,0
TD180,TD,capacitor,numeric,scalar,22.320,pF,3,0,1,1,0,1,0,0
TD181,TD,capacitor,numeric,scalar,1.45,nC,2,0,1,0,0,1,0,0
TD182,TD,capacitor,numeric,scalar,47.47,nJ,2,0,1,0,0,1,0,0
TD183,TD,capacitor,numeric,scalar,34.64,pF,3,0,1,1,0,1,0,0
TD184,TD,capacitor,numeric,scalar,4.86,nC,2,0,1,0,0,1,0,0
TD185,TD,capacitor,numeric,scalar,339.1,nJ,2,0,1,0,1,1,0,0
TD186,TD,capacitor,numeric,scalar,27.060,pF,3,0,1,0,0,1,0,0
TD187,TD,capacitor,numeric,scalar,2.97,nC,2,0,1,0,0,1,0,0
TD188,TD,capacitor,numeric,scalar,163.3,nJ,2,0,1,0,1,1,0,0
TD189,TD,capacitor,numeric,scalar,44.56,pF,3,0,1,0,0,1,0,0
TD190,TD,capacitor,numeric,scalar,4.25,nC,2,0,1,0,0,1,0,0
TD191,TD,capacitor,numeric,scalar,204,nJ,2,0,1,0,1,1,0,0
TD357,TD,capacitor,numeric,scalar,50,μC,2,0,1,0,0,1,0,0
TD358,TD,capacitor,numeric,scalar,5,μF,2,0,1,0,0,1,0,0
TD359,TD,capacitor,numeric,scalar,72,μJ,2,0,1,0,1,1,0,0
TD360,TD,capacitor,numeric,scalar,100,μJ,2,0,1,0,1,1,0,0
TD361,TD,capacitor,numeric,scalar,160,μJ,2,0,1,0,0,1,0,0
TD362,TD,capacitor,numeric,scalar,4,μF,2,0,1,0,0,1,0,0
TD363,TD,capacitor,numeric,scalar,10,V,2,0,1,0,0,1,0,0
TD364,TD,capacitor,numeric,scalar,0.100,nC,2,0,1,0,0,1,0,0
TD365,TD,capacitor,numeric,scalar,45,μC,2,0,1,0,0,1,0,0
TD366,TD,capacitor,numeric,scalar,5,V,2,0,1,1,0,1,0,0
TD367,TD,capacitor,numeric,scalar,4,times,1,0,1,0,1,1,0,1
TD368,TD,capacitor,numeric,scalar,100,μC,2,0,1,0,0,1,0,0
TD369,TD,capacitor,numeric,scalar,100,μC,2,0,1,0,0,1,0,0
TD370,TD,capacitor,numeric,scalar,10,μF,2,0,1,0,0,1,0,0
TD371,TD,capacitor,numeric,scalar,9,times,1,0,0,0,0,1,0,0
TD372,TD,capacitor,numeric,scalar,14.14,V,2,0,1,0,0,1,0,0
TD373,TD,capacitor,numeric,scalar,50,%,3,0,1,0,0,1,0,1
TD374,TD,capacitor,numeric,multi_value,0; 0,μC; μJ,2,0,1,0,0,1,0,0
TD375,TD,capacitor,numeric,scalar,22.36,V,2,0,1,0,0,1,0,0
TD376,TD,capacitor,numeric,multi_value,36;12,μJ; μC,2,0,1,0,0,1,0,0
TD377,TD,capacitor,text,text,the voltage is halfed,-,3,0,1,0,0,1,0,1
TD378,TD,capacitor,numeric,scalar,15.81,V,2,0,1,0,0,1,0,0
TD379,TD,capacitor,numeric,scalar,8,μF,2,0,1,0,0,1,0,0
TD380,TD,capacitor,text,text,decreases by 4 times,-,3,0,1,0,0,1,0,1
TD381,TD,capacitor,numeric,scalar,125,μJ,2,0,1,0,0,1,0,1
TD382,TD,capacitor,numeric,scalar,88.500,pF,2,0,1,1,0,1,0,0
TD383,TD,capacitor,numeric,scalar,20,pF,1,0,1,1,0,1,0,1
TD384,TD,capacitor,numeric,scalar,442.7,pF,3,0,1,0,0,1,0,0
TD385,TD,capacitor,numeric,scalar,4.000,μJ,2,0,1,1,0,1,0,0
TD386,TD,capacitor,text,text,decreases by half,-,3,0,1,0,0,1,0,1
TD387,TD,capacitor,numeric,scalar,2.140,μF,3,0,1,0,0,1,0,0
TD388,TD,capacitor,numeric,scalar,72,μJ,2,0,1,0,0,1,0,1
TD389,TD,capacitor,text,scientific,7.23 x 10^4,N,3,0,1,1,0,1,0,0
TD390,TD,capacitor,numeric,scalar,1.2×10⁵,V/m,4,0,1,0,1,1,0,1
TD391,TD,capacitor,numeric,scalar,-1.77,μJ,3,0,1,0,0,1,0,0
TD392,TD,capacitor,numeric,scalar,0.354,J/m³,3,0,1,0,1,1,0,0
TD393,TD,capacitor,numeric,scalar,5.000,μF,2,0,1,0,0,1,0,1
TD394,TD,capacitor,numeric,scalar,75,pF,3,0,1,0,0,1,0,0
TD395,TD,capacitor,numeric,scalar,20.33,mN,3,0,1,1,0,1,0,0
TD396,TD,capacitor,numeric,scalar,1,mJ,2,0,1,0,0,1,0,1
TD397,TD,capacitor,numeric,scalar,26.55,nC,3,0,1,0,0,1,0,0
TD398,TD,capacitor,numeric,scalar,1.66,nJ,3,0,1,0,1,1,0,0
TD399,TD,capacitor,numeric,scalar,0.33,μJ,1,0,1,0,0,1,0,1
TD400,TD,capacitor,numeric,scalar,0.020,J,2,0,1,0,0,1,0,0
THCB001,THCB,measurement,numeric,scalar,0.1,A,3,0,0,0,0,0,1,1
THCB002,THCB,measurement,numeric,scalar,3.57,%,2,0,0,0,0,0,1,1
THCB003,THCB,measurement,numeric,scalar,1.0,Ω,2,0,0,0,0,0,1,1
THCB004,THCB,unknown,numeric,scalar,0.26,A,2,0,0,0,0,0,1,0
THCB005,THCB,measurement,numeric,scalar,4.21,%,2,0,0,0,0,0,1,0
THCB006,THCB,measurement,numeric,scalar,0.4,Ω,2,0,0,0,0,1,1,0
THCB007,THCB,unknown,numeric,scalar,0.13,A,4,0,0,0,0,0,1,0
THCB008,THCB,measurement,numeric,scalar,0.19,W,2,0,0,0,0,0,1,0
THCB009,THCB,measurement,numeric,scalar,1.5,Ω,2,0,0,0,0,1,1,0
THCB010,THCB,measurement,numeric,scalar,3.92,%,2,0,0,0,0,1,1,0
THCB066,THCB,unknown,text,multi_value,I_D₁ = 1.0; I_D₂ = 1.0; I_total = 2.0,A; A; A,2,0,0,0,0,1,0,0
THCB067,THCB,unknown,text,text,I_D₂ = 0.6,A,2,0,0,0,0,1,0,0
THCB068,THCB,unknown,text,text,I_total = 1.5,A,3,0,0,0,0,1,0,0
THCB069,THCB,unknown,text,text,I_D = 1.0,A,2,0,0,0,0,1,0,0
THCB070,THCB,unknown,text,text,I_total_new = 0.5,A,2,0,0,0,0,1,0,0
THCB071,THCB,unknown,text,text,Resistance decreases → current increases.,—,1,0,0,0,0,1,0,0
THCB072,THCB,energy_power,text,text,I_total = 3.0,A,5,0,0,0,0,1,0,0
THCB073,THCB,unknown,text,text,The lamp shines brighter because the current through it increases.,—,0,0,0,0,0,1,0,1
THCB074,THCB,unknown,text,text,Rtd = 7.5,Ω,2,0,0,0,0,1,0,0
THCB075,THCB,energy_power,text,text,P = 48.0,W,2,0,0,0,0,1,0,0
THCB076,THCB,unknown,text,multi_value,I₁ = 0.5; I₂ = 1.0,A; A,3,0,0,0,0,1,0,0
THCB077,THCB,energy_power,text,text,P_total = 30,W,3,0,0,0,0,0,0,0
THCB078,THCB,unknown,text,text,Rtd = 20.0,Ω,3,0,0,0,0,1,0,0
THCB079,THCB,unknown,text,text,I_total = 2.0,A,2,0,0,0,0,1,0,0
THCB080,THCB,unknown,text,text,I_total = 1.5,A,3,0,0,0,0,1,0,0
THCB081,THCB,unknown,text,text,Total current increases.,—,0,0,0,0,0,1,0,0
THCB082,THCB,energy_power,text,text,P = 9.0,W,1,0,0,0,0,1,0,0
THCB083,THCB,unknown,text,text,Brighter because the current is higher.,—,0,0,0,0,0,1,0,0
THCB084,THCB,energy_power,math_expression,math_expression,I = 2.0,A,2,0,0,0,0,0,0,0
THCB085,THCB,unknown,text,text,I₃ = 0.6,A,2,0,0,0,0,0,0,0
THCB086,THCB,measurement,numeric,scalar,0.8,%,1,0,1,0,0,0,1,0
THCB087,THCB,measurement,numeric,multi_value,0.6; 1.2,cm; %,2,0,1,0,0,0,1,0
THCB088,THCB,measurement,numeric,multi_value,10.2; 0.067,cm; cm,3,0,1,0,0,0,1,0
THCB089,THCB,measurement,numeric,scalar,0.83,%,1,0,1,0,0,0,1,0
THCB090,THCB,measurement,numeric,multi_value,0.05; 2.94,m; %,2,0,0,0,0,1,1,0
THCB091,THCB,measurement,numeric,scalar,0.63,%,1,0,1,0,0,0,1,0
THCB092,THCB,measurement,numeric,scalar,2.0,%,2,0,1,0,0,0,1,0
THCB093,THCB,measurement,numeric,multi_value,0.3; 1.0,cm; %,2,0,1,0,0,0,1,0
THCB094,THCB,measurement,numeric,multi_value,100.2; 0.133,g; g,3,0,0,0,0,0,1,0
THCB095,THCB,measurement,numeric,scalar,3.33,%,1,0,0,0,0,0,1,0
THCB096,THCB,measurement,numeric,scalar,1.11,%,1,0,1,0,0,0,1,0
THCB097,THCB,measurement,numeric,multi_value,0.3; 1.5,cm; %,2,0,1,0,0,0,1,0
THCB098,THCB,measurement,numeric,multi_value,14.0; 0.067,cm; cm,3,0,1,0,0,0,1,0
THCB099,THCB,measurement,numeric,scalar,0.55,%,1,0,0,0,0,0,1,0
THCB100,THCB,measurement,numeric,multi_value,0.8; 1.07,kg; %,2,0,0,0,0,1,1,0
THCB101,THCB,measurement,numeric,scalar,0.5,%,1,0,1,0,0,0,1,0
THCB102,THCB,measurement,numeric,scalar,10.0,%,2,0,0,0,0,0,1,0
THCB103,THCB,measurement,numeric,scalar,0.5,%,2,0,1,0,0,0,1,0
THCB104,THCB,measurement,numeric,multi_value,50.0; 0.133,g; g,3,0,0,0,0,0,1,0
THCB105,THCB,measurement,numeric,scalar,2.5,%,1,0,0,0,0,0,1,0
THCB106,THCB,measurement,numeric,scalar,1.0,%,1,0,0,0,0,0,1,0
THCB107,THCB,measurement,numeric,multi_value,1.5; 1.5,°C; %,2,0,0,0,0,0,1,0
THCB108,THCB,measurement,numeric,multi_value,120.0; 0.133,cm; cm,3,0,1,0,0,0,1,0
THCB109,THCB,measurement,numeric,scalar,0.5,%,1,0,0,0,0,0,1,0
THCB110,THCB,measurement,numeric,multi_value,0.8; 0.53,cm; %,2,0,1,0,0,1,1,0
THCB111,THCB,measurement,numeric,scalar,0.67,%,1,0,1,0,0,0,1,0
THCB112,THCB,measurement,numeric,scalar,2.0,%,2,0,0,0,0,0,1,0
THCB113,THCB,measurement,numeric,scalar,0.5,%,2,0,1,0,0,0,1,0
THCB114,THCB,measurement,numeric,multi_value,10.0; 0.067,V; V,3,0,0,0,0,0,1,0
THCB115,THCB,measurement,numeric,scalar,2.0,%,1,0,0,0,0,0,1,0
THCB116,THCB,measurement,numeric,scalar,0.5,%,1,0,1,0,0,0,1,0
THCB117,THCB,measurement,numeric,multi_value,0.2; 0.33,cm; %,2,0,1,0,0,0,1,0
THCB118,THCB,measurement,numeric,multi_value,36.7; 0.067,°C; °C,3,0,0,0,0,0,1,0
THCB119,THCB,measurement,numeric,scalar,1.67,%,1,0,0,0,0,0,1,0
THCB120,THCB,measurement,numeric,multi_value,0.5; 0.77,kg; %,2,0,0,0,0,1,1,0
THCB121,THCB,measurement,numeric,scalar,2.5,%,2,0,1,0,0,0,1,0
THCB122,THCB,measurement,numeric,scalar,0.2,%,2,0,1,0,0,0,1,0
THCB123,THCB,measurement,numeric,multi_value,2.0; 0.067,A; A,3,0,0,0,0,0,1,0
THCB124,THCB,measurement,numeric,scalar,2.0,%,1,0,0,0,0,0,1,0
THCB125,THCB,measurement,numeric,scalar,0.83,%,2,0,0,0,0,0,1,0
THCB126,THCB,measurement,numeric,scalar,0.29,%,1,0,1,0,0,0,1,0
THCB127,THCB,measurement,numeric,multi_value,0.5; 1.25,cm; %,2,0,1,0,0,0,1,0
THCB128,THCB,measurement,numeric,multi_value,200.3; 0.11,g; g,3,0,0,0,0,0,1,0
THCB129,THCB,measurement,numeric,scalar,0.45,%,1,0,0,0,0,0,1,0
THCB130,THCB,measurement,numeric,multi_value,1.0; 0.61,cm; %,2,0,1,0,0,0,1,0
THCB131,THCB,measurement,numeric,scalar,1.0,%,2,0,1,0,0,1,1,0
THCB132,THCB,measurement,numeric,scalar,0.4,%,2,0,1,0,0,0,1,0
THCB133,THCB,measurement,numeric,multi_value,20.0; 0.067,°C; °C,3,0,0,0,0,0,1,0
THCB134,THCB,measurement,numeric,scalar,1.67,%,1,0,0,0,0,0,1,0
THCB135,THCB,measurement,numeric,scalar,0.42,%,0,0,0,0,0,0,1,0
NL001,NL,capacitor,numeric,scalar,100.00,mJ,2,0,1,0,0,1,0,0
NL002,NL,capacitor,numeric,scalar,90.00,mJ,2,0,1,0,1,1,0,0
NL003,NL,magnetic_induction,numeric,scalar,900.00,mJ,2,0,1,0,1,0,0,0
NL004,NL,magnetic_induction,numeric,scalar,1000.00,mJ,2,0,1,0,1,0,0,0
NL005,NL,capacitor,numeric,scalar,9.49,V,2,0,1,1,1,1,0,1
NL006,NL,capacitor,numeric,scalar,10.00,V,2,0,1,0,0,1,0,0
NL007,NL,magnetic_induction,numeric,scalar,0.11,A,2,0,1,0,1,1,0,0
NL008,NL,magnetic_induction,numeric,scalar,0.01,H,2,0,1,0,1,0,0,0
NL009,NL,capacitor,numeric,scalar,0.10,μF,2,0,1,0,1,1,0,0
NL010,NL,magnetic_induction,numeric,scalar,0.0004,H,2,0,1,0,1,0,0,0
NL011,NL,capacitor,numeric,scalar,216.00,mJ,2,0,1,0,1,1,0,1
NL012,NL,capacitor,numeric,scalar,0.40,μF,2,0,1,0,0,1,0,1
NL013,NL,capacitor,numeric,scalar,14.83,V,2,0,1,1,0,1,0,0
NL014,NL,magnetic_induction,numeric,scalar,1250.00,mJ,2,0,1,0,1,0,0,0
NL015,NL,magnetic_induction,numeric,scalar,0.09,A,2,0,1,0,1,1,0,0
NL016,NL,magnetic_induction,numeric,scalar,0.002,H,2,0,1,0,1,0,0,0
NL017,NL,capacitor,numeric,scalar,17.32,V,2,0,1,0,0,1,0,0
NL018,NL,capacitor,numeric,scalar,0.07,μF,2,0,1,0,0,1,0,0
NL019,NL,magnetic_induction,numeric,scalar,0.25,mH,2,0,1,0,1,0,0,0
NL020,NL,magnetic_induction,numeric,scalar,675.00,mJ,2,0,1,0,1,0,0,0
NL021,NL,capacitor,numeric,scalar,400,mJ,3,0,1,0,1,1,0,1
NL022,NL,capacitor,numeric,scalar,0.40,mJ,3,0,1,1,0,1,0,0
NL023,NL,magnetic_induction,numeric,scalar,0.50,mJ,1,0,1,0,1,0,0,1
NL024,NL,capacitor,numeric,scalar,180.00,mJ,2,0,1,0,0,1,0,0
NL025,NL,energy_power,text,text,all energy is entirely stored in the magnetic field of the inductor,—,0,0,0,1,1,1,0,1
NL026,NL,energy_power,text,text,all energy is entirely stored in the electric field of the capacitor,—,0,0,0,1,1,1,0,0
NL027,NL,capacitor,numeric,scalar,22.36,V,2,0,1,0,0,1,0,1
NL028,NL,magnetic_induction,numeric,scalar,0.0025,H,2,0,1,0,1,0,0,0
NL029,NL,capacitor,numeric,scalar,121.50,mJ,2,0,1,0,1,1,0,0
NL030,NL,electrostatics_field,numeric,scalar,70.7,%,0,0,0,0,1,1,0,1
NL031,NL,capacitor,numeric,scalar,675.00,mJ,2,0,1,0,1,1,0,0
NL032,NL,capacitor,numeric,scalar,14.14,V,2,0,1,0,0,1,0,0
NL033,NL,magnetic_induction,numeric,scalar,468.75,mJ,2,0,1,0,1,0,0,0
NL034,NL,capacitor,numeric,scalar,0.20,μF,2,0,1,0,0,1,0,0
NL035,NL,magnetic_induction,numeric,scalar,0.0018,H,2,0,1,0,0,0,0,0
NL036,NL,capacitor,numeric,scalar,81.00,mJ,2,0,1,0,1,1,0,0
NL037,NL,magnetic_induction,numeric,scalar,0.01,H,2,0,1,0,1,0,0,0
NL038,NL,capacitor,numeric,scalar,1.33,μF,2,0,1,0,0,1,0,0
NL039,NL,electrostatics_field,numeric,scalar,86.6,%,0,0,0,0,1,1,0,1
NL040,NL,magnetic_induction,numeric,scalar,90.00,mJ,2,0,1,0,1,0,0,0
NL081,NL,capacitor,numeric,scalar,125.00,mJ,2,0,1,0,1,1,0,0
NL082,NL,magnetic_induction,numeric,scalar,800.00,mJ,2,0,1,0,1,0,0,0
NL083,NL,capacitor,numeric,scalar,4.00,μF,2,0,1,0,0,1,0,0
NL084,NL,magnetic_induction,numeric,scalar,0.0006,H,2,0,1,0,1,0,0,0
NL085,NL,capacitor,numeric,scalar,6.32,V,2,0,1,0,0,1,0,0
NL086,NL,magnetic_induction,numeric,scalar,0.09,A,2,0,1,0,1,1,0,0
NL087,NL,capacitor,numeric,scalar,89.10,mJ,2,0,1,0,1,1,0,0
NL088,NL,magnetic_induction,numeric,scalar,1000.00,mJ,2,0,1,0,1,0,0,1
NL089,NL,capacitor,numeric,scalar,0.25,μF,2,0,1,0,1,1,0,0
NL090,NL,magnetic_induction,numeric,scalar,0.13,A,2,0,1,0,1,1,0,0
NL091,NL,capacitor,numeric,scalar,25,%,3,0,1,0,1,1,0,1
NL092,NL,capacitor,numeric,scalar,75,%,2,0,1,0,1,1,0,1
NL093,NL,magnetic_induction,numeric,scalar,0.07,A,2,0,1,0,1,1,0,0
NL094,NL,capacitor,numeric,scalar,250.00,mJ,2,0,1,0,0,1,0,1
NL095,NL,energy_power,text,text,all the energy is stored in the electric field of the capacitor.,—,1,0,0,1,1,1,0,0
NL096,NL,magnetic_induction,numeric,scalar,86.6,%,0,0,0,0,1,0,0,1
NL097,NL,capacitor,numeric,scalar,450.00,mJ,2,0,1,0,1,1,0,0
NL098,NL,magnetic_induction,numeric,scalar,0.0006,H,2,0,1,0,1,0,0,0
NL099,NL,capacitor,numeric,scalar,0.50,μF,2,0,1,0,0,1,0,0
NL100,NL,energy_power,math_expression,math_expression,maximum (WC = ½LI₀²),—,0,0,0,0,1,0,0,0
NL101,NL,capacitor,numeric,scalar,144.00,mJ,2,0,1,0,0,1,0,0
NL102,NL,magnetic_induction,numeric,scalar,0.00016,H,2,0,1,0,1,0,0,0
NL103,NL,capacitor,numeric,scalar,10.95,V,2,0,1,0,1,1,0,1
NL104,NL,magnetic_induction,numeric,scalar,0.04,A,2,0,1,0,1,1,0,0
NL105,NL,energy_power,text,text,the magnetic energy stored in the inductor will also be at its maximum,—,0,0,0,1,1,1,1,1
NL106,NL,capacitor,numeric,scalar,0.90,μF,2,0,1,0,0,1,0,1
NL107,NL,magnetic_induction,numeric,scalar,320.00,mJ,2,0,1,0,1,0,0,0
NL108,NL,capacitor,numeric,scalar,29.40,mJ,2,0,1,0,1,1,0,0
NL109,NL,capacitor,numeric,scalar,5.00,μF,2,0,1,0,0,1,0,1
NL110,NL,magnetic_induction,numeric,scalar,0.002,H,2,0,1,0,1,0,0,0
NL111,NL,capacitor,numeric,scalar,320.00,mJ,2,0,1,0,1,1,0,0
NL112,NL,magnetic_induction,numeric,scalar,1800.00,mJ,2,0,1,0,1,0,0,0
NL113,NL,capacitor,numeric,scalar,9.49,V,2,0,1,1,1,1,0,1
NL114,NL,magnetic_induction,numeric,scalar,0.06,A,2,0,1,0,1,1,0,0
NL115,NL,capacitor,numeric,scalar,0.20,μF,2,0,1,0,1,1,0,1
NL116,NL,magnetic_induction,numeric,scalar,0.0005,H,2,0,1,0,1,0,0,0
NL117,NL,capacitor,numeric,scalar,27.00,mJ,2,0,1,0,1,1,0,0
NL118,NL,magnetic_induction,numeric,scalar,38.40,mJ,2,0,1,0,1,0,0,0
NL119,NL,energy_power,text,text,all the energy is stored in the electric field of the capacitor,—,0,0,0,1,1,1,0,0
NL120,NL,electrostatics_field,text,text,maximum,—,0,0,0,0,1,0,0,1
NL121,NL,capacitor,numeric,scalar,180.00,mJ,2,0,1,0,1,1,0,1
NL122,NL,magnetic_induction,numeric,scalar,600.00,mJ,2,0,1,0,1,0,0,0
NL123,NL,capacitor,numeric,scalar,0.67,μF,2,0,1,0,1,1,0,0
NL124,NL,magnetic_induction,numeric,scalar,0.06,A,2,0,1,0,0,1,0,1
NL125,NL,capacitor,numeric,scalar,6.00,V,2,0,1,0,1,1,1,1
NL126,NL,magnetic_induction,numeric,scalar,0.0009,H,2,0,1,0,1,0,0,0
NL127,NL,capacitor,numeric,scalar,4,times,1,0,1,0,0,1,0,1
NL128,NL,capacitor,numeric,scalar,67,%,0,0,0,0,0,1,0,0
NL129,NL,capacitor,numeric,scalar,16.00,mJ,2,0,1,0,1,1,0,0
NL130,NL,magnetic_induction,numeric,scalar,0.001,H,2,0,1,0,1,0,0,0
NL301,NL,capacitor,numeric,scalar,0.1,J,2,0,1,0,0,1,0,0
NL302,NL,capacitor,text,text,The square of the voltage (U²),-,0,0,0,0,1,1,0,1
NL303,NL,magnetic_induction,math_expression,math_expression,W = 1/2 · L · I²,-,0,0,0,0,1,0,0,0
NL304,NL,magnetic_induction,numeric,scalar,0.9,J,2,0,0,0,1,0,0,0
NL305,NL,capacitor,text,text,upward parabola,-,0,0,0,0,0,1,0,1
NL306,NL,energy_power,text,text,upward parabola,-,0,0,0,0,1,0,0,1
NL307,NL,capacitor,text,text,less than,-,0,0,0,0,0,1,0,1
NL308,NL,energy_power,text,text,When the current is zero,-,0,0,0,0,1,1,0,1
NL309,NL,capacitor,text,text,Increase by 4 times,-,0,0,0,0,1,1,0,0
NL310,NL,energy_power,text,text,"Equal, unchanged",J,0,0,0,0,1,1,1,1
NL311,NL,capacitor,text,text,Increase by 2 times,-,0,0,0,0,0,1,0,1
NL312,NL,electrostatics_field,numeric,scalar,0,J,0,0,0,1,1,1,1,1
NL313,NL,magnetic_induction,numeric,scalar,2,A,2,0,0,0,1,0,0,0
NL314,NL,capacitor,numeric,scalar,0.05,J,2,0,1,0,1,1,0,0
NL315,NL,capacitor,text,text,Upward straight line,-,0,0,0,0,0,1,0,1
NL316,NL,energy_power,text,text,Upward straight line,-,0,0,0,0,1,0,0,1
NL317,NL,energy_power,math_expression,math_expression,Reduced to 1/4,-,0,0,0,0,1,0,1,0
NL318,NL,magnetic_induction,text,text,Half of the total energy,J,0,0,0,0,1,0,0,0
NL319,NL,capacitor,numeric,scalar,40,µF,2,0,1,0,0,1,0,1
NL320,NL,electrostatics_field,text,text,Joule,J,0,0,0,0,1,0,0,0
NL321,NL,electrostatics_field,numeric,scalar,0.06,J,2,0,0,0,1,1,0,0
NL322,NL,magnetic_induction,numeric,scalar,1,J,1,0,0,0,1,0,0,0
NL323,NL,capacitor,text,text,Doubled,-,0,0,0,1,1,1,0,1
NL324,NL,capacitor,text,text,Linear function increases,-,0,0,0,1,1,1,0,1
NL325,NL,electrostatics_field,math_expression,math_expression,1/4,-,0,0,0,0,1,1,0,0
NL326,NL,measurement,numeric,scalar,90,%,2,0,0,0,1,0,0,1
NL327,NL,capacitor,text,text,Conservation of energy,-,0,0,0,1,1,1,0,1
NL328,NL,capacitor,text,text,triple,-,0,0,0,1,1,1,0,0
NL329,NL,electrostatics_field,text,text,W_C = W₀sin²(ωt),J,1,0,0,0,1,0,0,1
NL330,NL,capacitor,text,text,1 / (ωC),Ω,0,0,0,0,1,1,0,1
NL331,NL,capacitor,numeric,scalar,0.25,J,2,0,1,0,1,1,0,0
NL332,NL,energy_power,numeric,scalar,5,J,2,0,0,0,1,0,0,1
NL333,NL,capacitor,numeric,scalar,50,µF,2,0,1,0,0,1,0,0
NL334,NL,magnetic_induction,numeric,scalar,0.1,H,2,0,0,0,1,0,0,1
NL335,NL,capacitor,numeric,scalar,4,-,1,0,1,1,1,1,0,1
NL336,NL,electrostatics_field,numeric,scalar,0.5,J,2,0,0,0,1,0,1,1
NL337,NL,capacitor,numeric,scalar,0.9,J,3,0,1,0,1,1,0,0
NL338,NL,energy_power,numeric,scalar,0.9,J,1,0,0,0,1,1,0,0
NL339,NL,capacitor,numeric,scalar,0.12,J,2,0,1,0,1,1,0,1
NL340,NL,electrostatics_field,numeric,scalar,0.2,J,4,0,1,0,1,0,0,1
NL341,NL,capacitor,numeric,scalar,0.045,J,2,0,1,0,1,1,0,0
NL342,NL,magnetic_induction,numeric,scalar,2.83,A,2,0,0,0,1,1,0,0
NL343,NL,capacitor,numeric,scalar,0.135,J,2,0,1,0,0,1,0,0
NL344,NL,capacitor,numeric,scalar,6.4,µF,2,0,1,0,1,1,0,0
NL345,NL,energy_power,numeric,scalar,2,J,3,0,0,0,1,0,0,1
NL346,NL,capacitor,numeric,scalar,0.002,mC,2,0,1,0,1,1,0,1
NL347,NL,energy_power,numeric,scalar,0.04,H,2,0,0,0,1,0,0,1
NL348,NL,capacitor,numeric,scalar,0.05,J,2,0,1,0,1,1,0,0
NL349,NL,magnetic_induction,numeric,scalar,0.4,J,2,0,0,0,1,0,0,0
NL350,NL,capacitor,text,text,increase 3 times,-,2,0,1,1,1,1,0,1
NL351,NL,capacitor,numeric,scalar,0.06,J,2,0,1,0,1,1,0,0
NL352,NL,energy_power,numeric,scalar,1.2,J,2,0,0,0,1,0,0,1
NL353,NL,capacitor,numeric,scalar,100,µF,2,0,1,0,1,1,0,0
NL354,NL,energy_power,numeric,scalar,0.5,H,2,0,0,0,1,0,0,0
NL355,NL,capacitor,numeric,scalar,0.18,J,2,0,1,0,0,1,0,1
NL356,NL,capacitor,numeric,scalar,0.225,J,3,0,1,0,1,1,0,0
NL357,NL,energy_power,numeric,scalar,2.4,J,1,0,0,0,1,1,0,0
NL358,NL,capacitor,numeric,scalar,0.04,J,3,0,1,0,1,1,0,0
NL359,NL,capacitor,numeric,scalar,0.9,J,2,0,1,0,1,1,0,0
NL360,NL,magnetic_induction,numeric,scalar,2.83,A,2,0,0,0,1,1,0,0
NL361,NL,capacitor,numeric,scalar,0.1,J,2,0,1,0,1,1,0,0
NL362,NL,capacitor,numeric,scalar,0.15,J,2,0,1,0,1,1,0,1
NL363,NL,magnetic_induction,numeric,scalar,2,J,2,0,0,0,1,0,0,0
NL364,NL,electrostatics_field,numeric,scalar,0.6,J,2,0,0,0,1,1,0,0
NL365,NL,capacitor,numeric,scalar,176.77,V,2,0,1,0,1,1,0,0
NL366,NL,capacitor,numeric,scalar,0.117,J,2,0,1,0,1,1,0,1
NL367,NL,magnetic_induction,numeric,scalar,0.131,J,3,0,1,0,1,1,0,0
NL368,NL,capacitor,numeric,scalar,0.1,J,4,0,1,0,1,1,0,1
NL369,NL,energy_power,numeric,scalar,2,H,2,0,0,0,1,0,0,1
NL370,NL,capacitor,numeric,scalar,16.67,µF,2,0,1,0,1,1,0,1
NL371,NL,capacitor,numeric,scalar,0.0432,J,2,0,1,0,1,1,0,0
NL372,NL,magnetic_induction,numeric,scalar,1,J,2,0,0,0,1,1,0,0
NL373,NL,capacitor,numeric,scalar,0.28125,J,3,0,1,0,1,1,0,0
NL374,NL,energy_power,numeric,scalar,0.21,J,3,0,1,0,1,1,0,0
NL375,NL,capacitor,numeric,scalar,0.1875,J,2,0,1,0,1,1,0,1
NL376,NL,capacitor,numeric,scalar,126.49,V,3,0,1,0,1,1,0,1
NL377,NL,energy_power,numeric,scalar,2.45,A,2,0,0,0,1,1,0,0
NL378,NL,capacitor,text,text,increases by 4 times,-,2,0,1,1,1,1,1,1
NL379,NL,capacitor,numeric,scalar,0,J,4,0,1,0,1,1,0,0
NL380,NL,capacitor,numeric,scalar,0.0216,J,4,0,1,0,1,1,0,0
NL381,NL,capacitor,numeric,scalar,0.081,J,2,0,1,0,1,1,0,0
NL382,NL,energy_power,numeric,scalar,1.25,J,2,0,0,0,1,0,0,0
NL383,NL,capacitor,numeric,scalar,0.00075,J,3,0,1,0,1,1,0,0
NL384,NL,energy_power,numeric,scalar,0.173,J,3,0,0,0,1,1,0,0
NL385,NL,capacitor,numeric,scalar,0.25,J,2,0,1,0,1,1,0,1
NL386,NL,capacitor,numeric,scalar,0.072,J,2,0,1,0,1,1,0,0
NL387,NL,capacitor,numeric,scalar,0.125,J,3,0,1,0,1,1,0,1
NL388,NL,capacitor,numeric,scalar,0.045,J,2,0,1,0,1,1,0,0
NL389,NL,electrostatics_field,numeric,scalar,0.375,J,2,0,0,0,1,0,0,0
NL390,NL,energy_power,numeric,scalar,0.08,H,2,0,0,0,1,0,0,0
NL391,NL,capacitor,numeric,scalar,0.2,J,2,0,1,0,1,1,0,0
NL392,NL,energy_power,numeric,scalar,2.25,J,2,0,0,0,1,0,0,0
NL393,NL,capacitor,numeric,scalar,0.0294,J,2,0,1,0,1,1,0,1
NL394,NL,energy_power,numeric,scalar,0.0047,J,2,0,0,0,1,0,0,0
NL395,NL,capacitor,numeric,scalar,25,µF,2,0,1,0,0,1,0,0
NL396,NL,energy_power,numeric,scalar,0.16,H,2,0,0,0,1,0,0,0
NL397,NL,capacitor,numeric,scalar,200,V,3,0,1,0,1,1,0,0
NL398,NL,capacitor,numeric,scalar,0.135,J,2,0,1,0,1,1,0,0
NL399,NL,capacitor,numeric,scalar,0.25,J,2,0,1,0,1,1,0,0
NL400,NL,energy_power,numeric,scalar,1.8,J,2,0,0,0,1,1,0,0
DDT131,DDT,magnetic_induction,numeric,scalar,0.005,T,3,0,1,0,1,0,0,1
DDT132,DDT,magnetic_induction,numeric,scalar,0.00754,T,3,0,1,0,1,1,0,1
DDT133,DDT,magnetic_induction,numeric,scalar,1.508,mH,3,0,1,0,0,1,0,1
DDT134,DDT,magnetic_induction,numeric,scalar,0.001,J,2,0,0,0,1,0,0,1
DDT135,DDT,magnetic_induction,numeric,scalar,2000,turns/m,2,0,0,0,0,0,0,1
DDT136,DDT,magnetic_induction,text,text,Number of turns density and current intensity,—,0,0,1,0,1,1,0,1
DDT137,DDT,magnetic_induction,text,text,Doubled,—,0,0,1,0,1,1,0,1
DDT138,DDT,magnetic_induction,numeric,scalar,5.654,mT,2,0,1,0,1,1,0,1
DDT139,DDT,magnetic_induction,numeric,scalar,2.51,J/m³,3,0,1,0,1,1,0,1
DDT140,DDT,magnetic_induction,text,text,Approximately zero,—,0,0,0,0,1,1,0,1
DDT141,DDT,magnetic_induction,numeric,scalar,0.003,Wb,3,0,1,1,1,1,0,1
DDT142,DDT,magnetic_induction,numeric,scalar,60,V,3,0,0,0,0,0,0,1
DDT143,DDT,magnetic_induction,text,text,An induced electromotive force (EMF) in the opposite direction appears,—,0,0,0,1,1,1,0,1
DDT144,DDT,magnetic_induction,numeric,scalar,75.00,V,3,0,0,0,1,0,0,1
DDT145,DDT,magnetic_induction,text,text,Current intensity,—,0,0,1,0,1,0,0,1
DDT146,DDT,magnetic_induction,text,text,"electromagnet, and relay",—,0,0,0,0,1,1,0,1
DDT147,DDT,magnetic_induction,numeric,scalar,112.50,mJ,3,0,1,0,1,0,0,1
DDT148,DDT,magnetic_induction,numeric,scalar,10.00,V,2,0,0,0,0,1,0,1
DDT149,DDT,magnetic_induction,text,text,Increase and the opposite current direction cause it,—,0,0,0,0,1,1,0,1
DDT150,DDT,magnetic_induction,numeric,scalar,0.2,V,1,0,0,0,1,0,1,1
DDT151,DDT,magnetic_induction,numeric,scalar,400.0,mJ,2,0,1,0,1,0,0,1
DDT152,DDT,magnetic_induction,text,text,Current through the solenoid,—,0,0,1,0,1,1,0,1
DDT153,DDT,magnetic_induction,text,text,Induced electromotive force (EMF),—,0,0,0,0,1,1,0,1
DDT154,DDT,magnetic_induction,numeric,scalar,20.0,V,3,0,0,0,0,0,1,1
DDT155,DDT,magnetic_induction,numeric,scalar,3000,turns/m,2,0,0,0,0,0,0,1
DDT156,DDT,unknown,text,text,Henry (H),—,0,0,0,0,0,0,0,0
DDT157,DDT,magnetic_induction,text,text,Magnetic field in the coil core,—,0,0,0,0,1,0,0,1
DDT158,DDT,magnetic_induction,numeric,scalar,8,μWb,2,0,1,1,1,0,0,1
DDT159,DDT,magnetic_induction,numeric,scalar,30.00,V,2,0,0,0,1,0,0,1
DDT160,DDT,magnetic_induction,numeric,scalar,0.6,V,1,0,0,0,1,0,1,1
DDT201,DDT,magnetic_induction,numeric,scalar,4000,turns/m,2,0,0,0,0,0,0,1
DDT202,DDT,magnetic_induction,numeric,scalar,6.283,mT,2,0,1,0,1,1,0,1
DDT203,DDT,magnetic_induction,numeric,scalar,30.0,V,3,0,0,0,1,0,0,1
DDT204,DDT,magnetic_induction,numeric,scalar,1.13 × 10^-6,Wb,3,0,1,0,1,1,0,1
DDT205,DDT,magnetic_induction,text,text,"Number of turns, length, cross-sectional area",—,0,0,1,0,0,1,0,1
DDT206,DDT,magnetic_induction,text,text,Volt (V),—,0,0,0,0,0,0,0,1
DDT207,DDT,magnetic_induction,text,text,increases in direct proportion,—,0,0,1,0,0,1,0,1
DDT208,DDT,magnetic_induction,numeric,scalar,20.0,mJ,2,0,1,0,1,0,0,1
DDT209,DDT,magnetic_induction,text,text,Magnetic induction $B$,—,0,0,1,0,1,1,0,1
DDT210,DDT,magnetic_induction,text,text,inside the solenoid,—,0,0,0,0,1,1,0,1
DDT211,DDT,magnetic_induction,numeric,scalar,4000,turns/m,2,0,0,0,0,0,0,1
DDT212,DDT,magnetic_induction,numeric,scalar,4.524,mT,2,0,1,0,1,1,0,1
DDT213,DDT,magnetic_induction,numeric,scalar,3.77,μWb,4,0,1,0,1,0,0,1
DDT214,DDT,magnetic_induction,numeric,scalar,20.00,V,2,0,0,0,0,0,0,1
DDT215,DDT,magnetic_induction,numeric,scalar,100.0,mJ,2,0,1,0,1,0,0,1
DDT216,DDT,unknown,text,text,Increases in proportion to the square of the number of turns,—,0,0,1,0,0,0,0,1
DDT217,DDT,magnetic_induction,text,text,cross-sectional area (S),—,0,0,1,0,1,1,0,1
DDT218,DDT,magnetic_induction,numeric,scalar,1,μWb,2,0,1,1,1,1,0,1
DDT219,DDT,magnetic_induction,text,text,the magnetic field energy increases proportionally to B²,—,0,0,1,0,1,0,0,1
DDT220,DDT,magnetic_induction,text,text,the current changes with time,—,0,0,0,0,1,0,0,1
DDT321,DDT,ac_rlc,numeric,scalar,126.86,Ω,4,0,1,1,1,1,0,1
DDT322,DDT,ac_rlc,numeric,scalar,2.0,A,2,0,0,1,0,1,0,0
DDT323,DDT,ac_rlc,numeric,scalar,10.0,A,2,0,0,0,0,1,0,0
DDT324,DDT,ac_rlc,numeric,scalar,75.40,Ω,2,0,0,0,0,1,0,0
DDT325,DDT,ac_rlc,numeric,scalar,53.05,Ω,2,0,1,0,0,1,0,1
DDT326,DDT,ac_rlc,numeric,scalar,135.0,W,2,0,0,0,0,1,0,0
DDT327,DDT,ac_rlc,numeric,scalar,0.60,-,2,0,0,0,0,1,0,0
DDT328,DDT,energy_power,numeric,scalar,120.0,W,3,0,0,0,0,1,0,0
DDT329,DDT,energy_power,numeric,scalar,512.0,W,2,0,0,0,0,1,0,0
DDT330,DDT,ac_rlc,text,text,the circuit exhibits an inductive characteristic,—,2,0,0,0,0,1,0,0
DDT331,DDT,ac_rlc,numeric,scalar,10.03,Ω,4,0,1,1,0,1,0,0
DDT332,DDT,ac_rlc,numeric,scalar,3.0,A,2,0,0,0,0,1,0,0
DDT333,DDT,ac_rlc,numeric,scalar,30.0,V,2,0,0,0,0,1,0,0
DDT334,DDT,ac_rlc,numeric,scalar,37.70,Ω,3,0,0,0,0,1,0,0
DDT335,DDT,ac_rlc,numeric,scalar,31.83,Ω,3,0,1,0,0,1,0,1
DDT336,DDT,ac_rlc,numeric,scalar,25.0,Ω,2,0,0,1,0,1,0,0
DDT337,DDT,ac_rlc,numeric,scalar,0.60,-,2,0,0,1,0,1,1,1
DDT338,DDT,ac_rlc,numeric,scalar,63.62,V,4,0,0,0,0,1,0,0
DDT339,DDT,ac_rlc,numeric,scalar,270.0,W,3,0,0,0,0,1,0,0
DDT340,DDT,ac_rlc,text,text,38.16 Ω and 0.30,—,4,0,1,1,0,1,0,0
DDT341,DDT,ac_rlc,numeric,scalar,45.79,Ω,4,0,1,1,0,1,0,0
DDT342,DDT,ac_rlc,numeric,scalar,2.0,A,2,0,0,1,0,1,0,0
DDT343,DDT,ac_rlc,numeric,scalar,0.40,-,2,0,0,1,0,1,0,0
DDT344,DDT,ac_rlc,numeric,scalar,94.25,Ω,3,0,0,0,0,1,0,0
DDT345,DDT,ac_rlc,numeric,scalar,35.37,Ω,3,0,1,0,0,1,0,1
DDT346,DDT,ac_rlc,numeric,scalar,270.0,W,3,0,0,0,0,1,0,1
DDT347,DDT,ac_rlc,numeric,scalar,12.03,Ω,4,0,1,1,0,1,0,0
DDT348,DDT,ac_rlc,numeric,scalar,162.0,W,3,0,0,1,0,1,0,0
DDT349,DDT,ac_rlc,numeric,scalar,50.0,Ω,2,0,0,0,0,1,0,1
DDT350,DDT,rlc_resonance_yes_no,text,text,The circuit exhibits an inductive characteristic.,—,2,0,0,1,1,1,0,1
DDT351,DDT,capacitor,numeric,scalar,0,A,0,0,0,1,1,1,1,1
DDT352,DDT,electrostatics_field,text,text,the charge Q reaches its maximum value,—,0,0,0,1,1,1,0,1
DDT353,DDT,energy_power,math_expression,math_expression,U = 0.5*L*I_max²,J,0,0,0,1,1,1,0,0
DDT354,DDT,magnetic_induction,yes_no,yes_no,No,—,0,0,0,1,1,1,1,1
DDT355,DDT,unknown,math_expression,symbolic_numeric,ω = 1/√(LC),rad/s,0,0,0,1,1,1,1,1
DDT356,DDT,unknown,math_expression,symbolic_numeric,T = 2π√(LC),s,0,0,0,1,1,1,1,1
DDT357,DDT,capacitor,numeric,scalar,0,V,0,0,0,1,1,1,1,1
DDT358,DDT,unknown,text,text,Simple Harmonic Motion (SHM),—,0,0,0,1,1,1,0,1
DDT359,DDT,unknown,text,text,Henry,H,0,0,0,0,1,0,1,1
DDT360,DDT,electrostatics_field,math_expression,symbolic_numeric,Sinusoidal waves with a phase shift of π/2,—,0,0,0,1,1,1,0,1
DDT361,DDT,unknown,numeric,scalar,503.3,Hz,2,0,1,0,0,1,0,0
DDT362,DDT,unknown,numeric,scalar,1.99 × 10⁻³,s,2,0,1,1,0,1,0,0
DDT363,DDT,energy_power,numeric,scalar,1,H,2,0,0,0,1,1,0,0
DDT364,DDT,capacitor,numeric,scalar,0.01,J,2,0,1,0,1,1,0,0
DDT365,DDT,unknown,numeric,scalar,1000,rad/s,2,0,1,0,0,1,0,0
DDT366,DDT,magnetic_induction,numeric,scalar,0.025,J,3,0,0,0,1,0,0,0
DDT367,DDT,capacitor,numeric,scalar,40,V,2,0,1,1,0,1,0,0
DDT368,DDT,unknown,numeric,scalar,100,Hz,0,0,0,1,0,0,1,0
DDT369,DDT,unknown,numeric,scalar,0.02,s,2,0,1,0,0,1,0,1
DDT370,DDT,capacitor,numeric,scalar,0.0125,J,2,0,1,0,1,1,0,1
DDT371,DDT,magnetic_induction,numeric,scalar,2000,turns/m,2,0,0,0,0,1,1,1
DDT372,DDT,magnetic_induction,numeric,scalar,3.77×10⁻³,T,1,0,1,0,1,1,0,1
DDT373,DDT,magnetic_induction,numeric,scalar,3.77×10⁻³,T,3,0,1,0,1,0,0,1
DDT374,DDT,magnetic_induction,numeric,scalar,2.01×10⁻⁶,Wb,4,0,1,0,1,0,0,1
DDT375,DDT,magnetic_induction,numeric,scalar,4×10⁻⁷,Wb,2,0,1,1,1,1,0,1
DDT376,DDT,magnetic_induction,numeric,scalar,0.4,V,3,0,1,0,1,0,0,1
DDT377,DDT,magnetic_induction,numeric,scalar,1.26×10⁻³,J,4,0,1,0,1,0,0,1
DDT378,DDT,magnetic_induction,numeric,scalar,2.5×10⁻³,Wb,2,0,1,0,1,1,0,1
DDT379,DDT,magnetic_induction,numeric,scalar,0.63,J/m³,2,0,1,0,1,0,0,1
DDT380,DDT,magnetic_induction,numeric,scalar,0.02,H,3,0,0,0,0,0,0,1
DDT381,DDT,magnetic_induction,numeric,scalar,3000,turns/m,2,0,0,0,0,1,0,1
DDT382,DDT,magnetic_induction,numeric,scalar,9.42×10⁻³,T,2,0,1,0,1,0,0,1
DDT383,DDT,magnetic_induction,numeric,scalar,6×10⁻⁷,Wb,2,0,1,1,1,1,0,1
DDT384,DDT,magnetic_induction,numeric,scalar,2.4×10⁻³,Wb,2,0,1,0,1,1,0,1
DDT385,DDT,magnetic_induction,numeric,scalar,7.5 × 10⁻³,H,3,0,1,1,0,0,0,0
DDT386,DDT,magnetic_induction,numeric,scalar,0.895,J/m³,3,0,1,0,1,0,0,1
DDT387,DDT,magnetic_induction,numeric,scalar,0.2,J,2,0,0,0,1,0,0,0
DDT388,DDT,magnetic_induction,numeric,scalar,2.51×10⁻³,T,3,0,1,0,1,0,0,1
DDT389,DDT,magnetic_induction,numeric,scalar,0.006,H,3,0,0,0,0,0,0,0
DDT390,DDT,magnetic_induction,numeric,scalar,1.26×10⁻³,T,2,0,1,0,1,1,0,1
DDT391,DDT,magnetic_induction,numeric,scalar,2000,turns/m,2,0,0,0,0,0,0,1
DDT392,DDT,magnetic_induction,numeric,scalar,1.01×10⁻²,T,2,0,1,0,1,1,0,1
DDT393,DDT,magnetic_induction,numeric,scalar,2.4×10⁻³,Wb,2,0,1,0,1,0,0,1
DDT394,DDT,magnetic_induction,numeric,scalar,2.26×10⁻³,J,4,0,1,0,1,0,0,1
DDT395,DDT,magnetic_induction,numeric,scalar,3×10⁻⁶,Wb,2,0,1,0,1,1,0,1
DDT396,DDT,capacitor,numeric,scalar,1.5×10⁻⁶,Wb,2,0,1,1,1,1,0,1
DDT397,DDT,measurement,numeric,scalar,0.005,H,3,0,0,0,0,0,0,0
DDT398,DDT,magnetic_induction,numeric,scalar,0.225,J,2,0,0,0,1,0,0,0
DDT399,DDT,magnetic_induction,numeric,scalar,7.54×10⁻³,T,3,0,1,0,1,0,0,1
DDT400,DDT,magnetic_induction,numeric,scalar,7.54×10⁻³,T,2,0,1,0,1,1,0,1
CHLT001,CHLT,rlc_resonance_yes_no,yes_no,yes_no,No,-,4,0,1,0,0,1,0,1
CHLT002,CHLT,rlc_resonance_yes_no,yes_no,yes_no,Yes,-,4,0,1,0,0,1,0,1
CHLT003,CHLT,rlc_resonance_yes_no,yes_no,yes_no,Yes,-,4,0,1,0,0,1,0,1
CHLT004,CHLT,rlc_resonance_yes_no,yes_no,yes_no,Yes,-,4,0,1,0,0,1,0,1
CHLT005,CHLT,rlc_resonance_yes_no,yes_no,yes_no,No,-,4,0,1,0,0,1,0,1
CHLT006,CHLT,rlc_resonance_yes_no,yes_no,yes_no,Yes,-,4,0,1,0,0,1,0,1
CHLT007,CHLT,ac_rlc,yes_no,yes_no,No,-,4,0,1,0,0,1,0,1
CHLT008,CHLT,rlc_resonance_yes_no,yes_no,yes_no,Yes,-,4,0,1,0,0,1,0,1
CHLT009,CHLT,rlc_resonance_yes_no,yes_no,yes_no,No,-,4,0,1,0,0,1,0,1
CHLT010,CHLT,capacitor,yes_no,yes_no,Yes,-,4,0,1,0,0,1,0,0
CHLT011,CHLT,rlc_resonance_yes_no,yes_no,yes_no,No,-,4,0,1,0,0,1,0,1
CHLT012,CHLT,ac_rlc,yes_no,yes_no,Yes,-,4,0,1,0,0,1,0,0
CHLT013,CHLT,rlc_resonance_yes_no,yes_no,yes_no,No,-,4,0,1,0,0,1,0,1
CHLT014,CHLT,ac_rlc,yes_no,yes_no,Yes,-,4,0,1,0,0,1,0,1
CHLT015,CHLT,capacitor,yes_no,yes_no,No,-,4,0,1,0,0,1,0,1
CHLT016,CHLT,capacitor,yes_no,yes_no,Yes,-,4,0,1,0,0,1,0,1
CHLT017,CHLT,rlc_resonance_yes_no,yes_no,yes_no,Yes,-,4,0,1,0,0,1,0,1
CHLT018,CHLT,rlc_resonance_yes_no,yes_no,yes_no,No,-,4,0,1,0,0,1,0,1
CHLT019,CHLT,rlc_resonance_yes_no,yes_no,yes_no,Yes,-,4,0,1,0,0,1,0,1
CHLT020,CHLT,rlc_resonance_yes_no,yes_no,yes_no,No,-,4,0,1,0,0,1,0,1
CH001,CH,measurement,numeric,scalar,40,Ω,1,0,0,1,0,1,0,0
CH002,CH,ac_rlc,numeric,scalar,80,Ω,3,0,1,1,0,1,0,0
CH003,CH,ac_rlc,numeric,scalar,120,Ω,1,0,0,1,0,1,0,0
CH004,CH,ac_rlc,numeric,scalar,60,Ω,1,0,0,1,0,1,0,0
CH005,CH,measurement,numeric,scalar,25,Ω,1,0,0,1,1,1,0,0
CH006,CH,measurement,numeric,scalar,200,Ω,1,0,0,1,1,1,0,0
CH007,CH,measurement,numeric,scalar,75,Ω,1,0,0,0,1,1,0,0
CH008,CH,measurement,numeric,scalar,32,Ω,1,0,0,0,1,1,0,0
CH009,CH,measurement,numeric,scalar,95,Ω,1,0,0,0,1,1,0,0
CH010,CH,measurement,numeric,scalar,18,Ω,1,0,0,1,1,1,0,0
CH011,CH,measurement,numeric,scalar,250,Ω,1,0,0,0,1,1,0,0
CH012,CH,measurement,numeric,scalar,145,Ω,1,0,0,0,1,1,0,0
CH013,CH,measurement,numeric,scalar,52,Ω,1,0,0,1,1,1,0,0
CH014,CH,ac_rlc,numeric,scalar,68,Ω,1,0,0,1,1,1,0,0
CH015,CH,ac_rlc,numeric,scalar,180,Ω,1,0,0,0,0,1,0,0
CH016,CH,ac_rlc,numeric,scalar,20,Ω,1,0,0,0,1,1,0,0
CH017,CH,measurement,numeric,scalar,10,Ω,1,0,0,0,1,1,0,0
CH018,CH,ac_rlc,numeric,scalar,115,Ω,1,0,0,0,1,1,0,0
CH019,CH,measurement,numeric,scalar,90,Ω,1,0,0,0,1,1,0,0
CH020,CH,measurement,numeric,scalar,300,Ω,1,0,0,0,1,1,0,0
CH021,CH,ac_rlc,numeric,scalar,39.79,Hz,2,0,1,0,0,1,0,0
CH022,CH,capacitor,numeric,scalar,50.33,Hz,2,0,1,0,0,1,0,0
CH023,CH,ac_rlc,numeric,scalar,91.89,Hz,2,0,1,0,0,1,0,0
CH024,CH,ac_rlc,numeric,scalar,225.08,Hz,2,0,1,0,0,1,0,1
CH025,CH,capacitor,numeric,scalar,50.33,Hz,2,0,1,0,0,1,0,0
CH026,CH,ac_rlc,numeric,scalar,53.05,Hz,2,0,1,0,0,1,0,0
CH027,CH,unknown,numeric,scalar,64.97,Hz,2,0,1,0,0,1,0,0
CH028,CH,ac_rlc,numeric,scalar,63.66,Hz,2,0,1,0,0,1,0,1
CH029,CH,capacitor,numeric,scalar,100.66,Hz,2,0,1,0,0,1,0,0
CH030,CH,capacitor,numeric,scalar,159.15,Hz,2,0,1,0,0,1,0,0
CH031,CH,capacitor,numeric,scalar,39.79,Hz,2,0,1,0,0,1,0,0
CH032,CH,capacitor,numeric,scalar,159.15,Hz,2,0,1,0,0,1,0,0
CH033,CH,ac_rlc,numeric,scalar,75.03,Hz,2,0,1,0,0,1,0,1
CH034,CH,capacitor,numeric,scalar,79.58,Hz,2,0,1,0,0,1,0,0
CH035,CH,unknown,numeric,scalar,159.15,Hz,2,0,1,0,0,1,0,1
CH036,CH,capacitor,numeric,scalar,125.82,Hz,2,0,1,0,0,1,0,0
CH037,CH,unknown,numeric,scalar,225.08,Hz,2,0,1,0,0,1,0,0
CH038,CH,unknown,numeric,scalar,53.05,Hz,2,0,1,0,0,1,0,0
CH039,CH,unknown,numeric,scalar,100.66,Hz,2,0,1,0,0,1,0,0
CH040,CH,capacitor,numeric,scalar,56.27,Hz,2,0,1,0,0,1,0,0
CH041,CH,ac_rlc,numeric,scalar,200,W,2,0,0,0,0,1,0,0
CH042,CH,energy_power,numeric,scalar,480,W,2,0,0,0,0,1,1,0
CH043,CH,ac_rlc,numeric,scalar,220,W,2,0,0,0,0,1,0,0
CH044,CH,energy_power,numeric,scalar,160,W,2,0,0,0,0,1,1,0
CH045,CH,ac_rlc,numeric,scalar,400,W,2,0,0,0,0,1,0,1
CH046,CH,ac_rlc,numeric,scalar,300,W,2,0,0,0,0,1,0,0
CH047,CH,ac_rlc,numeric,scalar,180,W,2,0,0,0,0,1,1,1
CH048,CH,ac_rlc,numeric,scalar,100,W,2,0,0,0,0,1,0,0
CH049,CH,ac_rlc,numeric,scalar,250,W,2,0,0,0,0,1,1,1
CH050,CH,ac_rlc,numeric,scalar,110,W,2,0,0,0,0,1,1,1
CH051,CH,ac_rlc,numeric,scalar,960,W,2,0,0,0,0,1,0,1
CH052,CH,energy_power,numeric,scalar,180,W,2,0,0,0,0,1,0,1
CH053,CH,ac_rlc,numeric,scalar,72,W,2,0,0,0,0,1,0,1
CH054,CH,energy_power,numeric,scalar,900,W,2,0,0,0,0,1,0,0
CH055,CH,ac_rlc,numeric,scalar,360,W,2,0,0,0,0,1,0,0
CH056,CH,ac_rlc,numeric,scalar,240,W,2,0,0,0,0,1,0,0
CH057,CH,ac_rlc,numeric,scalar,500,W,2,0,0,0,0,1,0,0
CH058,CH,ac_rlc,numeric,scalar,800,W,2,0,0,0,0,1,0,0
CH059,CH,ac_rlc,numeric,scalar,280,W,2,0,0,0,0,1,0,0
CH060,CH,ac_rlc,numeric,scalar,80,W,2,0,0,0,0,1,0,0
CH061,CH,ac_rlc,numeric,scalar,10.13,μF,2,0,1,1,0,1,0,0
CH062,CH,capacitor,numeric,scalar,12.67,μF,2,0,1,0,0,1,0,0
CH063,CH,ac_rlc,numeric,scalar,14.07,μF,2,0,1,0,0,1,0,0
CH064,CH,capacitor,numeric,scalar,12.67,μF,2,0,1,0,0,1,0,1
CH065,CH,ac_rlc,numeric,scalar,5.86,μF,2,0,1,0,0,1,0,0
CH066,CH,capacitor,numeric,scalar,63.33,mH,2,0,1,0,0,1,0,0
CH067,CH,magnetic_induction,numeric,scalar,1013.2,mH,2,0,1,0,0,1,0,0
CH068,CH,unknown,numeric,scalar,351.8,mH,2,0,1,0,0,1,0,0
CH069,CH,capacitor,numeric,scalar,101.32,mH,2,0,1,0,0,1,0,1
CH070,CH,ac_rlc,numeric,scalar,74.96,mH,2,0,1,0,0,1,0,0
CH071,CH,unknown,numeric,scalar,15.83,μF,2,0,1,0,0,0,0,0
CH072,CH,capacitor,numeric,scalar,10.13,μF,2,0,1,0,0,1,0,0
CH073,CH,capacitor,numeric,scalar,101.3,mH,2,0,1,0,0,1,0,0
CH074,CH,ac_rlc,numeric,scalar,10.05,μF,2,0,1,0,0,1,0,0
CH075,CH,capacitor,numeric,scalar,2.5,μF,2,0,1,0,0,1,0,0
CH076,CH,ac_rlc,numeric,scalar,12.67,mH,2,0,1,0,0,1,0,0
CH077,CH,ac_rlc,numeric,scalar,6.76,μF,2,0,1,0,0,1,0,0
CH078,CH,ac_rlc,numeric,scalar,5.63,μF,2,0,1,0,0,1,0,0
CH079,CH,unknown,numeric,scalar,58.63,mH,2,0,1,0,0,1,0,0
CH080,CH,ac_rlc,numeric,scalar,12.51,μF,2,0,1,0,0,1,0,0
CH081,CH,ac_rlc,numeric,scalar,633.26,mH,2,0,1,0,0,1,0,0
CH082,CH,ac_rlc,numeric,scalar,1.58,μF,2,0,1,0,0,1,0,0
CH083,CH,capacitor,numeric,scalar,879.52,mH,2,0,1,0,0,1,0,0
CH084,CH,capacitor,numeric,scalar,20.26,mH,2,0,1,0,0,1,0,0
CH085,CH,capacitor,numeric,scalar,5.07,μF,2,0,1,0,0,1,0,0
CH086,CH,capacitor,numeric,scalar,316.63,mH,2,0,1,0,0,1,0,0
CH087,CH,ac_rlc,numeric,scalar,1.32,μF,2,0,1,0,0,1,0,0
CH088,CH,ac_rlc,numeric,scalar,13.19,μF,2,0,1,0,0,1,0,0
CH089,CH,capacitor,numeric,scalar,70.36,mH,2,0,1,0,0,1,0,0
CH090,CH,capacitor,numeric,scalar,50.66,mH,2,0,1,0,0,1,0,0
CH091,CH,ac_rlc,numeric,scalar,46.9,μF,2,0,1,0,0,1,0,0
CH092,CH,capacitor,numeric,scalar,2.96,μF,2,0,1,0,0,1,0,0
CH093,CH,capacitor,numeric,scalar,0.101,H,2,0,1,0,0,1,0,1
CH094,CH,capacitor,numeric,scalar,0.0405,H,2,0,1,0,0,1,0,0
CH095,CH,capacitor,numeric,scalar,0.1126,H,2,0,1,0,0,1,0,0
CH096,CH,capacitor,numeric,scalar,0.88,μF,2,0,1,0,0,1,0,0
CH097,CH,ac_rlc,numeric,scalar,1.01,μF,2,0,1,0,0,1,0,0
CH098,CH,ac_rlc,numeric,scalar,1.27,μF,2,0,1,0,0,1,0,0
CH099,CH,capacitor,numeric,scalar,5.07,μF,2,0,1,0,0,1,0,0
CH100,CH,capacitor,numeric,scalar,0.05,H,2,0,1,0,0,1,0,1
CH101,CH,ac_rlc,numeric,scalar,34.64,Ω,5,0,0,0,1,1,0,0
CH102,CH,unknown,numeric,scalar,23.09,Ω,4,0,0,0,1,1,0,0
CH103,CH,ac_rlc,numeric,scalar,20,Ω,4,0,0,0,1,1,0,0
CH104,CH,ac_rlc,numeric,scalar,28.87,Ω,4,0,0,0,1,1,0,0
CH105,CH,ac_rlc,numeric,scalar,115.47,Ω,5,0,0,0,1,1,0,0
CH106,CH,ac_rlc,numeric,scalar,11.55,Ω,3,0,0,0,1,1,0,0
CH107,CH,ac_rlc,numeric,scalar,53.33,Ω,5,0,0,0,1,1,0,0
CH108,CH,ac_rlc,numeric,scalar,15,Ω,5,0,0,0,1,1,0,0
CH109,CH,ac_rlc,numeric,scalar,46.19,Ω,3,0,0,0,1,1,0,0
CH110,CH,ac_rlc,numeric,scalar,40,Ω,5,0,0,0,1,1,0,0
CH141,CH,ac_rlc,numeric,scalar,84.85,V,3,0,0,0,0,1,1,1
CH142,CH,ac_rlc,numeric,scalar,66.3,V,2,0,0,0,1,1,0,0
CH143,CH,ac_rlc,numeric,scalar,203.96,V,3,0,0,0,1,1,0,1
CH144,CH,measurement,numeric,scalar,63.3,V,2,0,0,0,0,1,0,0
CH145,CH,ac_rlc,numeric,scalar,99.5,V,2,0,0,0,1,1,0,0
CH146,CH,ac_rlc,numeric,scalar,200,V,2,0,1,0,0,1,0,0
CH147,CH,ac_rlc,math_expression,symbolic_numeric,100π,rad/s,2,0,1,0,0,1,0,0
CH148,CH,ac_rlc,numeric,scalar,100,Ω,2,0,1,0,0,1,0,0
CH149,CH,ac_rlc,numeric,scalar,200,Ω,2,0,1,0,0,1,0,0
CH150,CH,ac_rlc,numeric,scalar,141.4,Ω,2,0,1,0,0,1,0,0
CH151,CH,ac_rlc,numeric,scalar,1.414,A,2,0,1,0,0,1,0,0
CH152,CH,ac_rlc,numeric,scalar,0.707,-,2,0,1,0,0,1,0,0
CH153,CH,ac_rlc,numeric,scalar,200,W,2,0,1,0,0,1,1,0
CH154,CH,ac_rlc,numeric,scalar,141.4,V,2,0,1,0,0,1,0,0
CH155,CH,ac_rlc,numeric,scalar,282.8,V,2,0,1,0,0,1,0,0
CH156,CH,ac_rlc,numeric,scalar,1.5,A,2,0,0,0,0,1,0,1
CH157,CH,ac_rlc,numeric,scalar,1.5,A,2,0,0,0,0,1,0,1
CH158,CH,ac_rlc,numeric,scalar,1.5,A,2,0,0,0,0,1,0,1
CH159,CH,ac_rlc,numeric,scalar,1.493,A,2,0,0,0,0,1,0,1
CH160,CH,ac_rlc,numeric,scalar,1.5,A,2,0,0,0,0,1,0,0
CH161,CH,ac_rlc,numeric,scalar,1.5,A,2,0,0,0,0,1,0,1
CH162,CH,ac_rlc,numeric,scalar,1.5,A,2,0,0,0,0,1,0,1
CH163,CH,ac_rlc,numeric,scalar,1.5,A,2,0,0,0,0,1,0,0
CH164,CH,ac_rlc,numeric,scalar,1.5,A,2,0,0,0,0,1,0,1
CH165,CH,ac_rlc,numeric,scalar,1.5,A,2,0,0,0,0,1,0,0
CH166,CH,ac_rlc,numeric,scalar,90,W,2,0,0,0,0,1,0,0
CH167,CH,ac_rlc,numeric,scalar,112.5,W,2,0,0,0,0,1,0,1
CH168,CH,ac_rlc,numeric,scalar,135,W,2,0,0,0,0,1,0,1
CH169,CH,ac_rlc,numeric,scalar,167.25,W,2,0,0,0,0,1,0,1
CH170,CH,ac_rlc,numeric,scalar,180,W,2,0,0,0,0,1,0,1
CH171,CH,ac_rlc,numeric,scalar,202.5,W,2,0,0,0,0,1,0,0
CH172,CH,ac_rlc,numeric,scalar,225,W,2,0,0,0,0,1,0,0
CH173,CH,ac_rlc,numeric,scalar,270,W,2,0,0,0,0,1,0,0
CH174,CH,ac_rlc,numeric,scalar,337.5,W,2,0,0,0,0,1,0,1
CH175,CH,ac_rlc,numeric,scalar,450,W,2,0,0,0,0,1,0,1
CH176,CH,ac_rlc,numeric,scalar,1,-,0,0,0,0,1,1,1,0
CH177,CH,ac_rlc,numeric,scalar,1,-,0,0,0,0,1,1,1,0
CH178,CH,ac_rlc,numeric,scalar,1,-,0,0,0,0,0,1,0,0
CH179,CH,ac_rlc,numeric,scalar,1,-,0,0,0,0,0,1,0,0
CH180,CH,rlc_resonance_yes_no,numeric,scalar,1,-,0,0,0,0,0,1,1,1
CH181,CH,ac_rlc,numeric,scalar,30,Ω,1,0,0,0,0,1,0,0
CH182,CH,ac_rlc,numeric,scalar,45,Ω,1,0,0,0,0,1,1,1
CH183,CH,ac_rlc,numeric,scalar,60,Ω,1,0,0,0,0,1,1,1
CH184,CH,ac_rlc,numeric,scalar,80,Ω,1,0,0,0,0,1,1,0
CH185,CH,ac_rlc,numeric,scalar,100,Ω,1,0,0,1,0,1,1,0
CH186,CH,ac_rlc,numeric,scalar,2.0,-,3,0,0,0,0,1,1,0
CH187,CH,ac_rlc,numeric,scalar,3,-,2,0,0,0,0,1,0,0
CH188,CH,ac_rlc,numeric,scalar,1.581,-,2,0,0,0,0,1,0,0
CH189,CH,ac_rlc,numeric,scalar,2.0,-,3,0,0,0,0,1,0,0
CH190,CH,ac_rlc,numeric,scalar,3.0,-,2,2,0,0,0,1,0,0
CH191,CH,ac_rlc,numeric,scalar,2.0,-,2,2,0,0,0,1,0,0
CH192,CH,ac_rlc,numeric,scalar,1.5,-,3,0,0,1,0,1,0,0
CH193,CH,ac_rlc,numeric,scalar,3.0,-,3,2,0,0,0,1,0,1
CH194,CH,ac_rlc,numeric,scalar,1.414,-,2,0,0,0,0,1,0,0
CH195,CH,ac_rlc,numeric,scalar,0.5,-,2,0,0,0,0,1,0,1
CH196,CH,ac_rlc,numeric,scalar,0.577,-,2,0,0,0,0,1,0,0
CH197,CH,ac_rlc,numeric,scalar,0.5,-,3,0,0,0,0,1,0,0
CH198,CH,ac_rlc,numeric,scalar,1.0,-,2,2,0,0,0,1,0,1
CH199,CH,ac_rlc,numeric,scalar,3.0,-,3,0,0,0,0,1,0,1
CH200,CH,ac_rlc,numeric,scalar,1.414,-,2,0,0,0,0,1,0,0
CH201,CH,ac_rlc,numeric,scalar,3.0,-,3,0,0,0,0,1,0,0
CH202,CH,ac_rlc,numeric,scalar,2.0,-,2,0,0,0,0,1,0,0
CH203,CH,ac_rlc,numeric,scalar,2.0,-,2,0,0,0,0,1,0,0
CH204,CH,ac_rlc,numeric,scalar,1.414,-,3,0,0,0,0,1,0,0
CH205,CH,ac_rlc,numeric,scalar,2.0,-,2,0,0,0,0,1,0,1
CH206,CH,ac_rlc,numeric,scalar,2.0,-,3,0,0,0,0,1,0,0
CH207,CH,ac_rlc,numeric,scalar,2.646,-,3,0,0,0,0,1,0,0
CH208,CH,ac_rlc,numeric,scalar,2.0,-,2,0,0,0,0,1,0,0
CH209,CH,ac_rlc,numeric,scalar,2.236,-,3,0,0,0,0,1,0,1
CH210,CH,ac_rlc,numeric,scalar,2.0,-,2,0,0,0,0,1,0,0
CH211,CH,ac_rlc,numeric,scalar,2.0,-,3,0,0,0,0,1,0,0
CH212,CH,ac_rlc,numeric,scalar,0.707,-,3,0,0,0,0,1,0,0
CH213,CH,ac_rlc,numeric,scalar,2.0,-,2,0,0,0,0,1,0,0
CH214,CH,ac_rlc,numeric,scalar,2.0,-,3,0,0,0,0,1,0,0
CH215,CH,ac_rlc,numeric,scalar,3.0,-,2,0,0,0,0,1,0,0
CH216,CH,ac_rlc,numeric,scalar,205.71,W,4,0,0,1,0,1,1,1
CH217,CH,ac_rlc,numeric,scalar,142.86,W,4,0,0,0,0,1,0,0
CH218,CH,ac_rlc,numeric,scalar,142.35,W,4,0,0,1,0,1,1,1
CH219,CH,ac_rlc,numeric,scalar,67.5,W,4,0,0,1,0,1,0,0
CH220,CH,ac_rlc,numeric,scalar,100.0,W,4,0,0,0,0,1,0,1
CH221,CH,ac_rlc,numeric,scalar,1.6,A,3,0,0,1,0,1,0,0
CH222,CH,ac_rlc,numeric,scalar,1.5,A,3,0,0,0,0,1,1,0
CH223,CH,ac_rlc,numeric,scalar,0.95,A,3,0,0,1,0,1,1,1
CH224,CH,ac_rlc,numeric,scalar,1.0,A,3,0,0,1,0,1,1,0
CH225,CH,unknown,numeric,scalar,1.2,A,3,0,0,0,0,1,0,1
CH226,CH,ac_rlc,numeric,scalar,50.0,Ω,4,0,0,1,0,1,0,0
CH227,CH,ac_rlc,numeric,scalar,34.0,Ω,4,0,0,1,0,1,0,0
CH228,CH,ac_rlc,numeric,scalar,50.0,Ω,4,0,0,1,0,1,0,0
CH229,CH,ac_rlc,numeric,scalar,28.0,Ω,4,0,0,1,0,1,0,0
CH230,CH,ac_rlc,numeric,scalar,55.0,Ω,4,0,0,1,0,1,0,0
CH231,CH,magnetic_induction,numeric,scalar,50.0,Ω,3,0,0,1,0,1,0,1
CH232,CH,magnetic_induction,numeric,scalar,24.0,Ω,3,0,0,1,0,1,0,0
CH233,CH,magnetic_induction,numeric,scalar,60.0,Ω,3,0,0,1,0,1,0,0
CH234,CH,magnetic_induction,numeric,scalar,10.0,Ω,3,0,0,1,0,1,0,0
CH235,CH,magnetic_induction,numeric,scalar,90.0,Ω,4,0,0,1,0,1,0,0
CH236,CH,ac_rlc,numeric,scalar,62.76,V,3,0,0,1,0,1,0,0
CH237,CH,ac_rlc,numeric,scalar,51.96,V,3,0,0,1,0,1,0,0
CH238,CH,ac_rlc,numeric,scalar,69.28,V,3,0,0,1,0,1,0,0
CH239,CH,ac_rlc,numeric,scalar,83.67,V,3,0,0,1,0,1,0,0
CH240,CH,unknown,numeric,scalar,30.62,V,3,0,0,1,0,1,0,0
CH241,CH,ac_rlc,numeric,scalar,172.73,W,2,0,0,1,0,1,1,0
CH242,CH,energy_power,numeric,scalar,142.86,W,5,0,0,1,0,1,0,0
CH243,CH,energy_power,numeric,scalar,192,W,5,0,0,1,0,1,0,0
CH244,CH,energy_power,numeric,scalar,108.0,W,5,0,0,1,0,1,0,1
CH245,CH,energy_power,numeric,scalar,64.0,W,5,0,0,1,0,1,0,1
CH246,CH,ac_rlc,numeric,scalar,1,-,2,0,0,0,0,1,0,0
CH247,CH,ac_rlc,numeric,scalar,1,-,2,0,0,0,0,1,0,1
CH248,CH,ac_rlc,numeric,scalar,1,-,2,0,0,0,0,1,0,1
CH249,CH,ac_rlc,numeric,scalar,1,-,2,0,0,0,0,1,0,1
CH250,CH,ac_rlc,numeric,scalar,1,-,2,0,0,0,0,1,0,1
CH251,CH,ac_rlc,numeric,scalar,120,V,3,2,0,0,0,1,0,0
CH252,CH,ac_rlc,numeric,scalar,150,V,3,2,0,0,0,1,0,0
CH253,CH,ac_rlc,numeric,scalar,220,V,3,2,0,0,0,1,0,0
CH254,CH,ac_rlc,numeric,scalar,100,V,3,2,0,0,0,1,1,1
CH255,CH,ac_rlc,numeric,scalar,90,V,3,2,0,0,0,1,0,0
CH256,CH,ac_rlc,numeric,scalar,200,V,3,2,0,0,0,1,0,0
CH257,CH,ac_rlc,numeric,scalar,110,V,4,2,0,0,0,1,0,0
CH258,CH,ac_rlc,numeric,scalar,75,V,3,2,0,0,0,1,0,0
CH259,CH,unknown,numeric,scalar,180,V,3,2,0,0,0,1,0,0
CH260,CH,ac_rlc,numeric,scalar,240,V,3,2,0,0,0,1,0,0
CH261,CH,ac_rlc,numeric,scalar,130,V,3,2,0,0,0,1,0,0
CH262,CH,ac_rlc,numeric,scalar,120,V,4,2,0,0,0,1,0,0
CH263,CH,ac_rlc,numeric,scalar,80,V,3,2,0,0,1,1,0,0
CH264,CH,ac_rlc,numeric,scalar,100,V,4,2,0,0,0,1,0,0
CH265,CH,unknown,numeric,scalar,3,A,5,2,0,0,0,1,0,0
CH266,CH,ac_rlc,numeric,scalar,5,A,4,2,0,0,0,1,0,0
CH267,CH,ac_rlc,numeric,scalar,4,A,4,2,0,0,0,1,0,1
CH268,CH,ac_rlc,numeric,scalar,3,A,4,2,0,0,0,1,0,0
CH269,CH,ac_rlc,numeric,scalar,4,A,4,2,0,0,0,1,0,0
CH270,CH,ac_rlc,numeric,scalar,3,A,4,2,0,0,0,1,0,1
CH271,CH,ac_rlc,numeric,scalar,4,A,4,2,0,0,0,1,0,0
CH272,CH,ac_rlc,numeric,scalar,4,A,4,2,0,0,0,1,0,0
CH273,CH,ac_rlc,numeric,scalar,2,A,4,2,0,0,0,1,0,0
CH274,CH,ac_rlc,numeric,scalar,3,A,5,2,0,0,0,1,0,0
CH275,CH,ac_rlc,numeric,scalar,360,W,4,2,0,0,0,1,0,0
CH276,CH,energy_power,numeric,scalar,540,W,4,2,0,0,0,1,0,0
CH277,CH,ac_rlc,numeric,scalar,750,W,4,2,0,0,0,1,0,0
CH278,CH,energy_power,numeric,scalar,400,W,5,2,0,0,0,1,0,0
CH279,CH,ac_rlc,numeric,scalar,800,W,4,2,0,0,0,1,0,0
CH280,CH,ac_rlc,numeric,scalar,320,W,4,2,0,0,0,1,0,0
CH341,CH,capacitor,numeric,scalar,71.18,Hz,2,0,1,0,0,1,0,0
CH342,CH,unknown,numeric,scalar,39.79,Hz,2,0,1,0,0,1,0,0
CH343,CH,unknown,numeric,scalar,112.54,Hz,2,0,1,0,0,1,0,0
CH344,CH,unknown,numeric,scalar,56.27,Hz,2,0,1,0,0,1,0,0
CH345,CH,unknown,numeric,scalar,53.05,Hz,2,0,1,0,0,1,0,0
CH346,CH,capacitor,numeric,scalar,83.88,Hz,2,0,1,0,0,1,0,0
CH347,CH,unknown,numeric,scalar,100.66,Hz,2,0,1,0,0,1,0,0
CH348,CH,unknown,numeric,scalar,91.89,Hz,2,0,1,0,0,1,0,1
CH349,CH,capacitor,numeric,scalar,70.36,µF,2,0,1,0,0,1,0,0
CH350,CH,magnetic_induction,numeric,scalar,50.66,µF,2,0,1,0,0,1,0,0
CH351,CH,capacitor,numeric,scalar,50.66,µF,2,0,1,0,0,1,0,0
CH352,CH,unknown,numeric,scalar,56.29,µF,2,0,1,0,0,1,0,0
CH353,CH,unknown,numeric,scalar,105.54,µF,2,0,1,0,0,1,0,1
CH354,CH,capacitor,numeric,scalar,26.06,µF,2,0,1,0,0,1,0,1
CH355,CH,unknown,numeric,scalar,162.11,µF,2,0,1,0,0,1,0,0
CH356,CH,capacitor,numeric,scalar,87.95,µF,2,0,1,0,0,1,0,0
CH357,CH,ac_rlc,numeric,scalar,3.00,A,2,0,0,0,0,1,0,1
CH358,CH,ac_rlc,numeric,scalar,3.00,A,2,0,0,0,0,1,0,0
CH359,CH,ac_rlc,numeric,scalar,3.33,A,2,0,0,0,0,1,0,1
CH360,CH,ac_rlc,numeric,scalar,4.00,A,2,0,0,0,0,1,0,1
CH361,CH,ac_rlc,numeric,scalar,6.00,A,2,0,0,0,0,1,0,1
CH362,CH,ac_rlc,numeric,scalar,6.00,A,2,0,0,0,0,1,0,0
CH363,CH,unknown,numeric,scalar,5.00,A,2,0,0,0,0,1,0,1
CH364,CH,ac_rlc,numeric,scalar,3.00,A,2,0,0,0,0,1,0,0
CH365,CH,ac_rlc,numeric,scalar,134.16,V,4,0,1,0,0,1,0,0
CH366,CH,ac_rlc,numeric,scalar,150,V,4,0,1,0,0,1,0,0
CH367,CH,ac_rlc,numeric,scalar,117.85,V,4,0,1,0,0,1,0,0
CH368,CH,ac_rlc,numeric,scalar,113.14,V,4,0,1,0,0,1,0,0
CH369,CH,ac_rlc,numeric,scalar,379.47,V,4,0,1,0,0,1,0,0
CH370,CH,ac_rlc,numeric,scalar,948.68,V,4,0,1,0,0,1,0,0
CH371,CH,unknown,numeric,scalar,1.12,-,3,0,1,0,0,1,0,0
CH372,CH,unknown,numeric,scalar,1.00,-,3,0,1,0,0,1,0,0
CH373,CH,unknown,numeric,scalar,1.77,-,3,0,1,0,0,1,0,1
CH374,CH,unknown,numeric,scalar,2.11,-,3,0,1,0,0,1,0,0
CH375,CH,ac_rlc,numeric,scalar,360,W,2,0,0,0,0,1,0,0
CH376,CH,ac_rlc,numeric,scalar,450,W,2,0,0,0,0,1,0,0
CH377,CH,ac_rlc,numeric,scalar,1600,W,2,0,0,0,0,1,1,0
CH378,CH,ac_rlc,numeric,scalar,500,W,2,0,0,0,0,1,0,0
CH379,CH,ac_rlc,numeric,scalar,58.31,Ω,3,2,0,1,0,1,0,1
CH380,CH,ac_rlc,numeric,scalar,42.43,Ω,3,2,0,0,1,1,0,0
